lcl|NC_002745.2_prot_WP_000475325.1_371	selx	96.059	203	8	0	1	203	1	203	8.59e-146	395	203	204	MFKKYDSKNSIVLKSILSLGIIYGGTFGIYPKADASTQNSSSVQDKQLQKVEEVPNNSEKALVKKLYDRYSKDTINGKSNKSRNWVYSERPLNENQVRIHLEGTYTVADRVYTPKRNITLNKEVVTLKELDHIIRFAHISYGLYMGEHLPKGNIVINTKDGGKYTLESHKELQKDRENVKINTADIKNVTFKLVKSVNDIEQV	MFKKYDSKNSIVLKSILSLGIIYSGSFGIYPKADASTQNSSSVQDKQLQKVEEVPNNSEKALVKKLYDRYSKDTINGKSNKSRNWVYSERPLNENQVRIHLEGTYTVAGRVYTPKRNITLNKEVVTLKELDHIIRFAHISYGLYMGEHLPKGNIVINTKNGGKYTLESHKELQKNRENVEINTDDIKNVTFELVKSVNDIEQV	selx AEI60187.1
lcl|NC_002745.2_prot_WP_000669014.1_401	sely	29.130	230	142	10	7	226	3	221	4.75e-12	54.3	226	222	AKASLALGMLATGVITSN---VQSVQAKTE--VKQQSESELKHYYNK--PVLERKNVTGYKYTEKGKDYIDVIVDNQYSQISLVGSDKDK-FKDGDNSNIDVFILREGDSR--QATNYSIGGVTKTNSQPFIDYIHTPILEIKKGKEEPQSSLYQIYKEDISLKELDYRLRERAIKQHGLYSNGLKQGQITITMKDGKSHTIDLSQKLEKERMGDSIDGRQIQKILVEMK	AKLWFLLTTLAFLIAVTESIGIAEVKAKTTGLITENSNDSLKEHYAQKFEVYTNKEVTGV-----GENYIDTKVDTYNVRTVLYNTDYLKQFKNQDKVNIWGTLYENQQSKVYRGTVVKYDPISKVTN---LSYRMNLFVNGHQTKVNP-DSLLEVKNKQISLKETDFRIRKYLLEKEHLYSN-YNSGELIIEMKNGARHKIDLGDILS-DSQEKTFDFDNISHIDIYMK	sely BAS21358.1
lcl|NC_002745.2_prot_WP_000669014.1_401	tsst-1	32.203	118	69	4	113	225	122	233	4.72e-10	48.5	226	235	NYSIGGVTKTNSQPFIDYIHTPI---LEIK-KGKEEPQSSLYQIYKEDISLKELDYRLRERAIKQHGLYSNGLKQ-GQITITMKDGKSHTIDLSQKLEKERMGDSIDGRQIQKILVEM	HFQISGVTNTEKLP------TPIELPLKVKVHGKDSPLKYGPKFDKKQLAISTLDFEIRHQLTQIHGLYRSSDKTGGYWKITMNDGSTYQSDLSKKFEYNTEKPPINIDEIKTIEAEI	tsst-1 AAA26682.1
lcl|NC_002745.2_prot_WP_000669014.1_401	set	30.233	172	109	7	35	201	26	191	3.99e-09	45.8	226	217	KQQSESELKHYYNKPVLERKNVTGYKYTEKGKDYIDVIVDNQYSQISLVGSDK--DKFKDGDNSNIDVFILREGDSRQATNYSIGGVTKTNS--QPF-IDYIHTPILEIKKGKEEPQSSLYQIYKEDISLKELDYRLRERAIKQHGLYSNGLKQGQITITMKDGKSHTIDLS	KSDSREGLKDFYSKKI---DVYTNKKINEKDKYSVDIEVDNYVYRINTL-DDKILNQFKVGDYVDAWGHIINNKPIGKVIKFYDGDISKHSPLDKPTNISYRINLFKEQKQTEVTPEKEL-EIGNRYLTMKQIDYRIKSYLVKKQQLYTE-FYNGKIEISMLDGKKHFIDLS	set BAG06666.1
lcl|NC_002745.2_prot_WP_000669014.1_401	selx	34.247	73	46	2	154	225	122	193	5.34e-07	39.3	226	204	KEDISLKELDYRLRERAIKQHGLY-SNGLKQGQITITMKDGKSHTIDLSQKLEKERMGDSIDGRQIQKILVEM	KEVVTLKELDHIIRFAHI-SYGLYMGEHLPKGNIVINTKNGGKYTLESHKELQKNRENVEINTDDIKNVTFEL	selx AEI60187.1
lcl|NC_002745.2_prot_WP_000782622.1_402	sel	36.111	72	40	2	120	188	104	172	1.59e-06	38.1	231	241	GGITSANDKAVDLIAEARVIKADHIGEYDYDFFPFK---IDKEAMSLKEIDFKLRKYLIDNYGLYGEMSTGK	GGVTKAENNKLD---SPRIIPINLIINGKHQTVTTKSVSTDKKMVTAQEIDVKLRKYLQDEFNIYGHNDTGK	sel BAO65763.1
lcl|NC_002745.2_prot_WP_000782622.1_402	sely	28.169	71	49	1	154	222	147	217	2.04e-06	37.7	231	222	FKIDKEAMSLKEIDFKLRKYLIDNYGLYGEMSTGKITVKKKYYGKYTFELDKKL--QEDRMSDVINVTDID	LEVKNKQISLKETDFRIRKYLLEKEHLYSNYNSGELIIEMKNGARHKIDLGDILSDSQEKTFDFDNISHID	sely BAS21358.1
lcl|NC_002745.2_prot_WP_000782622.1_402	Gr9/sel32	27.551	98	49	3	114	199	99	186	2.78e-06	37.4	231	243	GAKYSIGGITSANDKA---------VDLIAEARVIKADHIGEYDYDFFPFKIDKEAMSLKEIDFKLRKYLIDNYGLYGEMSTGK---ITVKKKYYGKY	GTNYMYGGVTKSDNNLKQKRNIPINLSVNGENKTVVTERI----------STDKKMVTVQEIDVKLRKYLQDEYNIYGHNKTNKGKQYGTKSKFYSGF	Gr9/sel32 NZ_AFTU01000025.1
lcl|NC_002745.2_prot_WP_000782622.1_402	selv	30.556	108	48	5	116	206	97	194	3.13e-06	37.4	231	240	KYSIGGITSANDK-------AVDLI--AEARVIKADHIGEYDYDFFPFKIDKEAMSLKEIDFKLRKYLIDNYGLYGEMSTGK---ITVKKKYY-----GKYTFELDKK	KYIYGGVTLAGDYLEKSRCIPINLWVNGEHQTISTDKV----------STNKKLVTAQEIDVKLRRYLQEEYNIYGHNNTGKGKEYGYKSKFYSGFNNGKVLFHLNNE	selv EF030427.1
lcl|NC_002745.2_prot_WP_000782622.1_402	Gr5/sel29p	50.000	32	16	0	157	188	129	160	4.50e-06	36.6	231	226	DKEAMSLKEIDFKLRKYLIDNYGLYGEMSTGK	NKKTVTAQEIDIKLRRYLQDEYNIYGFNTTGK	Gr5/sel29p - fully repaired NCTC 6966
lcl|NC_002745.2_prot_WP_001056483.1_403	sely	37.838	74	45	1	283	356	149	221	4.71e-12	55.5	356	222	ITKEEISLKELDFKLRKQLIEKHNLYGNMGSGTIVIKMKNGGKYTFELHKKLQEHRMADVIEGTNIDKIEVNIK	VKNKQISLKETDFRIRKYLLEKEHLYSNYNSGELIIEMKNGARHKIDLGDILSDSQ-EKTFDFDNISHIDIYMK	sely BAS21358.1
lcl|NC_002745.2_prot_WP_001056483.1_403	selx	50.000	60	23	3	283	338	120	176	9.28e-10	48.5	356	204	ITKEEISLKELDFKLRKQLIEKHNLYGNMGS----GTIVIKMKNGGKYTFELHKKLQEHR	LNKEVVTLKELDHIIRFAHIS-YGLY--MGEHLPKGNIVINTKNGGKYTLESHKELQKNR	selx AEI60187.1
lcl|NC_002745.2_prot_WP_001056483.1_403	Gr9/sel32	26.852	108	54	4	244	330	102	205	2.47e-06	38.5	356	243	YSVGGITKTNS---KKVDHKAELSVTKKDNQGMISRDVSEYMITKEEISLKELDFKLRKQLIEKHNLYGN------------------MGSGTIVIKMKNGGKYTFEL	YMYGGVTKSDNNLKQKRNIPINLSVNG-ENKTVVTERIS---TDKKMVTVQEIDVKLRKYLQDEYNIYGHNKTNKGKQYGTKSKFYSGFDTGTIVFHMNDGNNFSYDL	Gr9/sel32 NZ_AFTU01000025.1
lcl|NC_002745.2_prot_WP_000705657.1_405	sely	38.462	78	47	1	215	292	145	221	1.96e-13	58.9	292	222	SEFKITKEQISLKELDFKLRKQLIENHNLYGNVGSGKIVINMKNGGKYTFELHKKLQENRMADVIDGTNIDNIEVNIK	SLLEVKNKQISLKETDFRIRKYLLEKEHLYSNYNSGELIIEMKNGARHKIDLGDILSDSQ-EKTFDFDNISHIDIYMK	sely BAS21358.1
lcl|NC_002745.2_prot_WP_000705657.1_405	selx	46.479	71	35	2	219	287	120	189	3.32e-11	52.4	292	204	ITKEQISLKELDFKLRKQLIENHNLY--GNVGSGKIVINMKNGGKYTFELHKKLQENRMADVIDGTNIDNI	LNKEVVTLKELDHIIRFAHI-SYGLYMGEHLPKGNIVINTKNGGKYTLESHKELQKNRENVEINTDDIKNV	selx AEI60187.1
lcl|NC_002745.2_prot_WP_000705657.1_405	tsst-1	34.211	76	48	1	218	291	158	233	1.69e-07	41.6	292	235	KITKEQISLKELDFKLRKQLIENHNLY--GNVGSGKIVINMKNGGKYTFELHKKLQENRMADVIDGTNIDNIEVNI	KFDKKQLAISTLDFEIRHQLTQIHGLYRSSDKTGGYWKITMNDGSTYQSDLSKKFEYNTEKPPINIDEIKTIEAEI	tsst-1 AAA26682.1
lcl|NC_002745.2_prot_WP_000705657.1_405	sel	26.400	125	70	3	161	266	84	205	6.15e-06	37.0	292	241	RNVDVFVVLEEKNKYGVERYSV-GGITKSNSKKVDHKAGVRITKEDNKGTISHDVSEFKITKEQISLKELDFKLRKQLIENHNLYGNVGSGK------------------IVINMKNGGKYTFEL	KNVDVFGI---SYKYGSNSRTIYGGVTKAENNKLDSPRIIPINLIINGKHQTVTTKSVSTDKKMVTAQEIDVKLRKYLQDEFNIYGHNDTGKGKEYGTSSKFYSGFDKGSVVFHMNDGSNFSYDL	sel BAO65763.1
lcl|NC_002745.2_prot_WP_000781349.1_406	tsst-1	31.034	116	74	4	119	233	123	233	6.30e-07	39.3	234	235	FSYGGVTKKNQDAYYDYINAPRFQIKRDEGDGIATYGRVHYIYKEEISLKELDFKLRQYLIQNFDLYKKFPKDSK-IKVIMKDGGYYTFELNKKLQTNRMSDVIDGRNIEKIEANI	FQISGVT--NTEKLPTPIELP-LKVKVHGKDSPLKYGP--KFDKKQLAISTLDFEIRHQLTQIHGLYRSSDKTGGYWKITMNDGSTYQSDLSKKFEYNTEKPPINIDEIKTIEAEI	tsst-1 AAA26682.1
lcl|NC_002745.2_prot_WP_000769820.1_407	sely	39.785	93	47	4	120	207	112	200	2.54e-09	46.2	231	222	GGVTKKNNKSSETN----THLFVNKVYGGNLDASIDSFL-INKEEVSLKELDFKIRKQLVEKYGLYKGTTKYGKITINLKDEKKEVIDLGDKL	GTVVKYDPISKVTNLSYRMNLFVN---GHQTKVNPDSLLEVKNKQISLKETDFRIRKYLLEKEHLYSNYNS-GELIIEMKNGARHKIDLGDIL	sely BAS21358.1
lcl|NC_002745.2_prot_WP_000769820.1_407	tsst-1	27.014	211	110	8	42	229	45	234	6.90e-08	42.4	231	235	DIKDLYRYYSSESFEFSNI--------SGKVENYNGSNVVRFNQEKQNHQLFLLGKDKD-------KYKKGLEGQNVFVVKELIDPNGRLSTVGGVTKKNNKSSETNTHLFVNKVYGGNLDASIDSFL-----INKEEVSLKELDFKIRKQLVEKYGLYKGTTK---YGKITINLKDEKKEVIDLGDKLQFERMGDVLNSKDIQNIAVTIN	NIKDLLDWYSSGSDTFTNSEVLDNSLGSMRIKNTDGSISLIIFPSPYYSPAFTKGEKVDLNTKRTKKSQHTSEGTYIHF------------QISGVTNTEKLPTPIELPLKV-KVHGK------DSPLKYGPKFDKKQLAISTLDFEIRHQLTQIHGLYRSSDKTGGYWKITMN--DGSTYQSDLSKKFEYNTEKPPINIDEIKTIEAEIN	tsst-1 AAA26682.1
lcl|NC_002745.2_prot_WP_000769820.1_407	selx	40.278	72	41	2	155	225	120	190	5.12e-07	39.3	231	204	INKEEVSLKELDFKIRKQLVEKYGLYKGT-TKYGKITINLKDEKKEVIDLGDKLQFERMGDVLNSKDIQNIA	LNKEVVTLKELDHIIRFAHIS-YGLYMGEHLPKGNIVINTKNGGKYTLESHKELQKNRENVEINTDDIKNVT	selx AEI60187.1
lcl|NC_002745.2_prot_WP_000769820.1_407	Gr3/sel27	27.632	76	55	0	106	181	114	189	4.26e-06	37.0	231	250	VKELIDPNGRLSTVGGVTKKNNKSSETNTHLFVNKVYGGNLDASIDSFLINKEEVSLKELDFKIRKQLVEKYGLYK	IKENSPSNDKVCMYGGVTEHEGNRTKLFGYTIVVSVYIDNRNSRSFTLSTNKDHITAQELDYKVRNRLIKDVRLYE	Gr3/sel27 NCTC 5663
lcl|NC_002745.2_prot_WP_000769820.1_407	see	32.927	82	48	3	112	189	125	203	4.77e-06	37.0	231	258	PNGRLSTVGGVT-KKNNKSSE---TNTHLFVNKVYGGNLDASIDSFLINKEEVSLKELDFKIRKQLVEKYGLYKGTTKYGKI	PNKTACMYGGVTLHDNNRLTEEKKVPINLWID---GKQTTVPIDKVKTSKKEVTVQELDLQARHYLHGKFGLYNSDSFGGKV	see AAA26617.1
lcl|NC_002745.2_prot_WP_000769820.1_407	sea	30.380	79	54	1	112	189	125	203	6.82e-06	36.2	231	258	PNGRLSTVGGVTKKNNKSSETNTHLFVNKVYGGNLDA-SIDSFLINKEEVSLKELDFKIRKQLVEKYGLYKGTTKYGKI	PNKTACMYGGVTLHDNNRLTEEKKVPINLWLDGKQNTVPLETVKTNKKNVTVQELDLQARRYLQEKYNLYNSDVFDGKV	sea AAA26681.1
lcl|NC_002745.2_prot_WP_000673034.1_408	sely	39.655	58	34	1	153	210	144	200	4.82e-09	45.4	232	222	DEFFFIQKEEVSLKELDFKIRKLLIKKYKLYEGSADKGRIVINMKDENKYEIDLSDKL	DSLLEVKNKQISLKETDFRIRKYLLEKEHLY-SNYNSGELIIEMKNGARHKIDLGDIL	sely BAS21358.1
lcl|NC_002745.2_prot_WP_000673034.1_408	tsst-1	34.677	124	59	7	117	231	123	233	6.05e-09	45.4	232	235	FSVSGVTKKNVKSIFESLRTP-NLLVK-KIDDKD-----GFSIDEFFFIQKEEVSLKELDFKIRKLLIKKYKLYEGSADK--GRIVINMKDENKYEIDLSDKLDFERMADVINSEQIKNIEVNL	FQISGVTNT------EKLPTPIELPLKVKVHGKDSPLKYGPKFD------KKQLAISTLDFEIRHQLTQIHGLYR-SSDKTGGYWKITMNDGSTYQSDLSKKFEYNTEKPPINIDEIKTIEAEI	tsst-1 AAA26682.1
lcl|NC_002745.2_prot_WP_000673034.1_408	selx	42.667	75	41	2	158	231	120	193	7.31e-08	42.0	232	204	IQKEEVSLKELDFKIRKLLIKKYKLYEGSA-DKGRIVINMKDENKYEIDLSDKLDFERMADVINSEQIKNIEVNL	LNKEVVTLKELDHIIRFAHIS-YGLYMGEHLPKGNIVINTKNGGKYTLESHKELQKNRENVEINTDDIKNVTFEL	selx AEI60187.1
lcl|NC_002745.2_prot_WP_000673034.1_408	seh	36.364	88	46	3	154	231	148	235	2.10e-07	40.8	232	242	EFFFIQKEEVSLKELDFKIRKLLIKKYKLY--EGSADKGRIVINMKDENKYEIDLSD---KLDFE-----RMADVINSEQIKNIEVNL	ELIRTNKKNVTLQELDIKIRKILSDKYKIYYKDSEISKGLIEFDMKTPRDYSFDIYDLKGENDYEIDKIYEDNKTLKSDDISHIDVNL	seh AAA19777.1
lcl|NC_002745.2_prot_WP_000673034.1_408	Gr11/seh-2p	38.596	57	33	1	154	208	148	204	6.36e-06	36.2	232	238	EFFFIQKEEVSLKELDFKIRKLLIKKYKLYEGSAD--KGRIVINMKDENKYEIDLSD	ELIRTNKKNVTLQELDIKMRKXLSNKYRIYYKDSEIRKGLIEFDMKTPRDYSFDIYD	Gr11/seh-2p - fully repaired NC_017351.1
lcl|NC_002745.2_prot_WP_000778500.1_409	sely	33.673	98	61	3	134	229	123	218	2.42e-09	46.6	232	222	VSNPSLQVKKVDAKHGFSINE--LFFIQKEEVSLKELDFKIRKMLVEKYRLYKGASDKGRIVINMKDEKKYVIDLSEKLSFDRMFDVMDSKQIKNIEV	VTNLSYRMNLFVNGHQTKVNPDSLLEVKNKQISLKETDFRIRKYLLEKEHLYSNY-NSGELIIEMKNGARHKIDLGDILS-DSQEKTFDFDNISHIDI	sely BAS21358.1
lcl|NC_002745.2_prot_WP_000778500.1_409	seh	35.227	88	47	3	154	231	148	235	1.52e-08	44.3	232	242	ELFFIQKEEVSLKELDFKIRKMLVEKYRLYKGASD--KGRIVINMKDEKKYVIDLSE-----KLSFDRMFD---VMDSKQIKNIEVNL	ELIRTNKKNVTLQELDIKIRKILSDKYKIYYKDSEISKGLIEFDMKTPRDYSFDIYDLKGENDYEIDKIYEDNKTLKSDDISHIDVNL	seh AAA19777.1
lcl|NC_002745.2_prot_WP_000778500.1_409	tsst-1	34.667	75	46	2	160	232	161	234	7.23e-08	42.4	232	235	KEEVSLKELDFKIRKMLVEKYRLYKGASDK--GRIVINMKDEKKYVIDLSEKLSFDRMFDVMDSKQIKNIEVNLN	KKQLAISTLDFEIRHQLTQIHGLYR-SSDKTGGYWKITMNDGSTYQSDLSKKFEYNTEKPPINIDEIKTIEAEIN	tsst-1 AAA26682.1
lcl|NC_002745.2_prot_WP_000778500.1_409	Gr11/seh-2p	43.636	55	29	1	154	206	148	202	2.76e-07	40.4	232	238	ELFFIQKEEVSLKELDFKIRKMLVEKYRLYKGASD--KGRIVINMKDEKKYVIDL	ELIRTNKKNVTLQELDIKMRKXLSNKYRIYYKDSEIRKGLIEFDMKTPRDYSFDI	Gr11/seh-2p - fully repaired NC_017351.1
lcl|NC_002745.2_prot_WP_000778500.1_409	selx	38.667	75	44	2	158	231	120	193	9.55e-07	38.5	232	204	IQKEEVSLKELDFKIRKMLVEKYRLYKGAS-DKGRIVINMKDEKKYVIDLSEKLSFDRMFDVMDSKQIKNIEVNL	LNKEVVTLKELDHIIRFAHIS-YGLYMGEHLPKGNIVINTKNGGKYTLESHKELQKNRENVEINTDDIKNVTFEL	selx AEI60187.1
lcl|NC_002745.2_prot_WP_000673051.1_410	tsst-1	23.246	228	158	7	9	226	13	233	3.69e-11	51.6	227	235	ATLALGILTTGTLTTEVHSGHAKQNQKSVNKHDKEALYRYYTGKTMEMKNISALKHGKNNLRFKFRGIKIQ-VLLPGNDKSKFQQRSY---EGLDVFFVQEKRDKHD-----IFYTVGGVIQNNKTSGVVSAPILNISKEKGEDAFVKGYPYYIKKEKITLKELDYKLRKHLIEKYGLYKTISKDG-RVKISLKDGSFYNLDLRSKLKFKYMGEVIESKQIKDIEVNL	SPLLLATTATDFTPVPLSSNQIIKTAKASTNDNIKDLLDWYSSGSDTFTNSEVLDNSLGSMRIKNTDGSISLIIFP----SPYYSPAFTKGEKVDLNTKRTKKSQHTSEGTYIHFQISGVTNTEKLPTPIELPLK--VKVHGKDSPLKYGPKFDKKQ-LAISTLDFEIRHQLTQIHGLYRSSDKTGGYWKITMNDGSTYQSDLSKKFEYNTEKPPINIDEIKTIEAEI	tsst-1 AAA26682.1
lcl|NC_002745.2_prot_WP_000673051.1_410	sely	38.776	49	29	1	153	201	149	196	1.16e-06	38.5	227	222	IKKEKITLKELDYKLRKHLIEKYGLYKTISKDGRVKISLKDGSFYNLDL	VKNKQISLKETDFRIRKYLLEKEHLYSNYNS-GELIIEMKNGARHKIDL	sely BAS21358.1
lcl|NC_002745.2_prot_WP_000769160.1_414	sely	36.232	69	42	2	157	225	152	218	4.70e-07	39.7	227	222	EEISLKELDFKLRKHLIDKHDLYKTEPKDSKIRITMKNGGYYTFELNKKLQPHRMGDTIDSRNIEKIEV	KQISLKETDFRIRKYLLEKEHLY-SNYNSGELIIEMKNGARHKIDLGDILSDSQ-EKTFDFDNISHIDI	sely BAS21358.1
lcl|NC_002745.2_prot_WP_000769160.1_414	selx	40.541	74	40	3	156	227	122	193	1.71e-06	37.7	227	204	KEEISLKELDFKLRKHLIDKHDLYKTE--PKDSKIRITMKNGGYYTFELNKKLQPHRMGDTIDSRNIEKIEVNL	KEVVTLKELDHIIRFAHIS-YGLYMGEHLPKGN-IVINTKNGGKYTLESHKELQKNRENVEINTDDIKNVTFEL	selx AEI60187.1
lcl|NC_002745.2_prot_WP_000769160.1_414	sec2	28.824	170	92	9	82	227	97	261	4.23e-06	37.0	227	267	NEKLTVKDDDEVSNV---DVFVVREGSDKSAI-------TTSIGGITKTNGTQHKD-TVQNVNLSVSKSTGQHTTSVTSEYYSIYKEEISLKELDFKLRKHLIDKHDLYK--TEPKDS-KIRITMKNGGYYTFEL----------NKKLQPHRMGDTIDSRNIEKIEVNL	NEDLAKKYKDEVVDVYGSNYYVNCYFSSKDNVGKVTGGKTCMYGGITKHEGNHFDNGNLQNVLIRVYENK-RNTISFEVQ---TDKKSVTAQELDIKARNFLINKKNLYEFNSSPYETGYIKFIENNGNTFWYDMMPAPGDKFDQSKYLMMYNDNKTVDSKSV-KIEVHL	sec2 AAR20496.1
lcl|NC_002745.2_prot_WP_000769160.1_414	tsst-1	30.137	73	50	1	156	227	161	233	5.42e-06	36.6	227	235	KEEISLKELDFKLRKHLIDKHDLYKTEPKDSK-IRITMKNGGYYTFELNKKLQPHRMGDTIDSRNIEKIEVNL	KKQLAISTLDFEIRHQLTQIHGLYRSSDKTGGYWKITMNDGSTYQSDLSKKFEYNTEKPPINIDEIKTIEAEI	tsst-1 AAA26682.1
lcl|NC_002745.2_prot_WP_000769160.1_414	sec1	28.824	170	92	9	82	227	97	261	6.44e-06	36.2	227	267	NEKLTVKDDDEVSNV---DVFVVREGSDKSAI-------TTSIGGITKTNGTQHKD-TVQNVNLSVSKSTGQHTTSVTSEYYSIYKEEISLKELDFKLRKHLIDKHDLYK--TEPKDS-KIRITMKNGGYYTFEL----------NKKLQPHRMGDTIDSRNIEKIEVNL	NEGLAKKYKDEVVDVYGSNYYVNCYFSSKDNVGKVTGGKTCMYGGITKHEGNHFDNGNLQNVLIRVYENK-RNTISFEVQ---TDKKSVTAQELDIKARNFLINKKNLYEFNSSPYETGYIKFIENNGNTFWYDMMPAPGDKFDQSKYLMMYNDNKTVDSKSV-KIEVHL	sec1 CAA29260.1
lcl|NC_002745.2_prot_WP_000769160.1_414	sec3	28.824	170	92	9	82	227	97	261	6.62e-06	36.2	227	267	NEKLTVKDDDEVSNV---DVFVVREGSDKSAI-------TTSIGGITKTNGTQHKD-TVQNVNLSVSKSTGQHTTSVTSEYYSIYKEEISLKELDFKLRKHLIDKHDLYK--TEPKDS-KIRITMKNGGYYTFEL----------NKKLQPHRMGDTIDSRNIEKIEVNL	NEDLAKKYKDEVVDVYGSNYYVNCYFSSKDNVGKVTGGKTCMYGGITKHEGNHFDNGNLQNVLVRVYENK-RNTISFEVQ---TDKKSVTAQELDIKARNFLINKKNLYEFNSSPYETGYIKFIENNGNTFWYDMMPAPGDKFDQSKYLMMYNDNKTVDSKSV-KIEVHL	sec3 CAA35972.1
lcl|NC_002745.2_prot_WP_000769160.1_414	Gr9/sel32	34.884	86	47	4	96	179	87	165	8.09e-06	35.8	227	243	VDVFVVREGSDKSAITTSI--GGITKTNGTQHKDTVQNVNLSVSKSTGQHTTSVTSEYYSIYKEEISLKELDFKLRKHLIDKHDLY	VDIFGI---SYKGVCGTNYMYGGVTKSDNNLKQKRNIPINLSVN---GENKTVVT-ERISTDKKMVTVQEIDVKLRKYLQDEYNIY	Gr9/sel32 NZ_AFTU01000025.1
lcl|NC_002745.2_prot_WP_000769160.1_414	sel	35.227	88	47	5	95	179	85	165	8.90e-06	35.8	227	241	NVDVFVV--REGSDKSAITTSIGGITKT-NGTQHKDTVQNVNLSVSKSTGQHTTSVTSEYYSIYKEEISLKELDFKLRKHLIDKHDLY	NVDVFGISYKYGSNSRTI---YGGVTKAENNKLDSPRIIPINLIIN---GKHQT-VTTKSVSTDKKMVTAQEIDVKLRKYLQDEFNIY	sel BAO65763.1
lcl|NC_002745.2_prot_WP_000041897.1_1079	set	34.286	105	53	5	133	234	112	203	3.25e-08	43.1	238	217	TPAAKPSDKTY--NLFVQYKDKLQTIIGAHKIYQGNKPVLTLKEIDFRAREALIKNKILYTENRNKGKLKITG-GGNNYTIDLSKRLHSDLANVYVKNPNKITVD	SPLDKPTNISYRINLF---KEQKQTEVTPEKELEIGNRYLTMKQIDYRIKSYLVKKQQLYTEFYN-GKIEISMLDGKKHFIDLS---------TYYYDPSNFTLD	set BAG06666.1
lcl|NC_002745.2_prot_WP_000041897.1_1079	sely	26.702	191	109	10	34	212	25	196	2.28e-06	37.7	238	222	SEAKAYSIGQDETNINELIK-YYTQPHFSFSNKWLYQYDNGNIYVELKRYSWSAHISLWGAESWGNINQLKDRYVDVFGLKDKDTDQLWWSYRE-----TFTGGVT---PAAKPSDKTY--NLFVQYKDKLQTIIGAHKIYQGNKPVLTLKEIDFRAREALIKNKILYTENRNKGKLKI-TGGGNNYTIDL	AEVKAKTTGLITENSNDSLKEHYAQKFEVYTNKEVTGV--GENYIDTKVDTYNVRTVLYNTD-----------YLKQF--KNQDKVNIWGTLYENQQSKVYRGTVVKYDPISKVTNLSYRMNLFV---NGHQTKVNPDSLLEVKNKQISLKETDFRIRKYLLEKEHLYS-NYNSGELIIEMKNGARHKIDL	sely BAS21358.1
lcl|NC_002745.2_prot_WP_001063553.1_1080	ser	29.310	116	63	5	100	201	99	209	5.86e-07	39.7	241	260	NQLRNKSVDIFGIK--------DQETIDSFALSQETFTGGVTPAATSND--KHYKLNVTYKDKAE-TFTGGFPVYEGNKPVLTLKELDFRIRQTLIKSKKLY---NNSYNKGQIKI	DKFKDKRLDVFGIPYFYTCLVPKNESREEFIFDGVCIYGGVTMHSTADSISKNIIVPVTVDNKQQFSFT-----ISTNKKTVTVQELDYKVRNWLTNNKKLYEFDGSAYETGYIKF	ser BAC97795.1
lcl|NC_002745.2_prot_WP_001063553.1_1080	seg	30.579	121	65	6	100	206	98	213	7.90e-07	39.3	241	259	NQLRNKSVDIFGI---------KDQETIDSFALSQETFTGGVTPAATSN--DKHYKLNVTYKDKAETFTGGFPVYEGNKPVLTLKELDFRIRQTLIKSKKLY---NNSYNKGQIKITGTDN	NNYKDKKVDIFGVPYFYTCIIPKSEPDINQ-NFGGCCMYGGLTFNSSENERDKLITVQVTIDNRQSL---GFTI-TTNKNMVTIQELDYKARHWLTKEKKLYEFDGSAFESGYIKFTEKNN	seg AAC26660.1
lcl|NC_002745.2_prot_WP_001063553.1_1080	selw	25.926	135	75	5	100	212	88	219	1.14e-06	38.9	241	257	NQLRNKSVDIFGI----------KDQETIDSFALSQETFTGGVTPAA--------TSNDKHYKLNVTYKDKAETFTGGFPVYEGNKPVLTLKELDFRIRQTLIKSKKLY---NNSYNKGQIK-ITGTDNNYTIDL	DKYKNKNVDLFGTNYYNQCYFSSDNMELNDGRLIEKTCMYGGVTEHDGNQIDKNNSTDNSHNILIKVYENERNSLSFDIPT---NKKNITAQEIDYKVRNYLLKHKNLYEFNSSPYETGYIKFIEGSGHSFWYDL	selw EF030428.1
lcl|NC_002745.2_prot_WP_001063553.1_1080	set	32.927	82	52	3	133	213	112	191	1.63e-06	38.1	241	217	TPAATSNDKHYKLNVTYKDKAETFTGGFPVYEGNKPVLTLKELDFRIRQTLIKSKKLYNNSYNKGQIKITGTDN-NYTIDLS	SPLDKPTNISYRINLFKEQKQTEVTPEKELEIGNR-YLTMKQIDYRIKSYLVKKQQLYTEFYN-GKIEISMLDGKKHFIDLS	set BAG06666.1
lcl|NC_002745.2_prot_WP_001063553.1_1080	Gr8/sel31	33.333	126	62	7	101	212	104	221	2.16e-06	38.1	241	256	QLRNKSVDIFGIK-DQETIDSFALSQETFTGGVTPA---ATSNDKHYKLNVTYKD--KAETFTGGFPVYEGNKPVLTLKELDFRIRQTLIKSKKLYNNSYNKGQIK--------ITGTDNNYTIDL	QFKDKKVDIYGISFANNCIGLVGDKTSCMYGGITIHDNNQLEGEKNIGINV-FKDGSKHETFT-----IATKKKMVTLQELDIKTRNKLEQSFNIYNK--DKGDIKKGYINYHPHNQNDNNYYYDL	Gr8/sel31 NZ_AFTU01000025.1
lcl|NC_002745.2_prot_WP_001063553.1_1080	seb	28.834	163	88	8	100	237	102	261	2.98e-06	37.7	241	267	NQLRNKSVDIFGI---------KDQETIDSFALSQE--TFTGGVTPA-ATSNDKHYKLNVTYKDKAETFTGGFPVYEGNKPVLTLKELDFRIRQTLIKSKKLY---NNSYNKGQIKITGTDNNYTIDL----------SKRLPSTDANRYVKKPQNAKIEVIL	DKYKDKYVDVFGANYYYQCYFSKKTNDINSHQTDKRKTCMYGGVTEHNGNQLDKYRSITVRVFEDGKNLLS-FDV-QTNKKKVTAQELDYLTRHYLVKNKKLYEFNNSPYETGYIKFIENENSFWYDMMPAPGDKFDQSKYLMMYNDNKMV-DSKDVKIEVYL	seb AAA88550.1
lcl|NC_002745.2_prot_WP_001063553.1_1080	tsst-1	27.778	216	123	9	16	216	15	212	3.49e-06	37.4	241	235	LLLGTAFTQFPNTPINSSSEAKAYYINQNETNVNELTKYYSQKYLTFSNSTLW---------QKDNGTIHATLLQFSWYSHIQVYGPESWGNINQLRNKSVDIFGIKDQETIDS----FALSQETFTGGVTPAATSNDKHYKLNVTYKDKAETFTGGFPVYEGNKPVLTLKELDFRIRQTLIKSKKLYNNSYNKGQI-KITGTDNN-YTIDLSKRL	LLLATTATDFTPVPLSSNQIIKTAKASTND-NIKDLLDWYSSGSDTFTNSEVLDNSLGSMRIKNTDGSISLIIFPSPYYSPAFTKGEKV--DLNTKRTK-------KSQHTSEGTYIHFQISGVTNTEKL---PTPIELPLKVKVHGKDSPLKYGPKF-----DKKQLAISTLDFEIRHQLTQIHGLYRSSDKTGGYWKITMNDGSTYQSDLSKKF	tsst-1 AAA26682.1
lcl|NC_002745.2_prot_WP_000739531.1_1081	set	37.363	91	50	4	128	213	103	191	2.60e-09	46.6	241	217	FTGGVTPAATSSDKP----YRLFLKYSDKQQTIIGGHEFYKGNKPVLTLKELDFRIRQTLIKNKKLYNGEFNKGQIKITA-DGNNYTIDLS	FYDGDISKHSPLDKPTNISYRINLFKEQKQTEVTPEKELEIGNR-YLTMKQIDYRIKSYLVKKQQLYT-EFYNGKIEISMLDGKKHFIDLS	set BAG06666.1
lcl|NC_002745.2_prot_WP_000739531.1_1081	tsst-1	29.130	230	130	11	2	217	3	213	4.62e-08	42.7	241	235	KKNIMNKLVLSTALLLLGTTSTQLPKTPISFSSEAKAYNISENETNINELIKYYTQPHFSLS---------GKWLWQKPNGSIHATLQTWVWYSHIQVFGSESWGNINQLRNKYVDIFGTKDEDTVEGYWTYDETFTGGVT---PAATSSDKPYRLFLKYSDKQQTIIGGHEFYKGNKPVLTLKELDFRIRQTLIKNKKLYNGEFNKGQI-KITA-DGNNYTIDLSKKLK	KKLLMNFFIVSP--LLLATTATDFTPVPLSSNQIIKTAKASTND-NIKDLLDWYSSGSDTFTNSEVLDNSLGSMRIKNTDGSISLIIFPSPYYS--PAFTKGEKVDLNTKRTK-------KSQHTSEG--TYIHFQISGVTNTEKLPTPIELPLK--VKVHGKDSPLKYGPKF---DKKQLAISTLDFEIRHQLTQIHGLYRSSDKTGGYWKITMNDGSTYQSDLSKKFE	tsst-1 AAA26682.1
lcl|NC_002745.2_prot_WP_000739531.1_1081	seb	26.994	163	91	7	100	237	102	261	5.56e-07	39.7	241	267	NQLRNKYVDIFG---------TKDEDTVEGYWTYDE--TFTGGVTPAATSSDKPYR-LFLKYSDKQQTIIGGHEFYKGNKPVLTLKELDFRIRQTLIKNKKLY---NGEFNKGQIKITADGNNY----------TIDLSKKLKLTDTNRYVKNPKNAQIEVIL	DKYKDKYVDVFGANYYYQCYFSKKTNDINSHQTDKRKTCMYGGVTEHNGNQLDKYRSITVRVFEDGKNLLSFD--VQTNKKKVTAQELDYLTRHYLVKNKKLYEFNNSPYETGYIKFIENENSFWYDMMPAPGDKFDQSKYLMMYNDNKMV-DSKDVKIEVYL	seb AAA88550.1
lcl|NC_002745.2_prot_WP_000739531.1_1081	sely	29.762	84	56	3	134	216	119	200	8.85e-06	35.8	241	222	PAATSSDKPYRLFLKYSDKQQTIIGGHEFYKGNKPVLTLKELDFRIRQTLIKNKKLYNGEFNKGQIKI-TADGNNYTIDLSKKL	PISKVTNLSYRMNL-FVNGHQTKVNPDSLLEVKNKQISLKETDFRIRKYLLEKEHLYSN-YNSGELIIEMKNGARHKIDLGDIL	sely BAS21358.1
lcl|NC_002745.2_prot_SA_RS15135_1526	Gr1/sel26	88.095	168	20	0	1	168	1	168	1.40e-106	300	251	250	MGEFEVKYLTGFILILLLEGIFTNSASAIEYSDLHHKSKFDSKRLSNAKMSFINPTQLENKNTNDRLLKHDLLFHDMFVNVASKKDFKVEFENEALSKKFINKNIDIYAGSYSYECHGGATNKTQCSYGGVTLSDNNK*DDYKNIPSNLWIDGHQTEIELTAVKTKKE	LGEFEVKYLTGFILILLLEGIFTNSASAIEYSDLHHKSKLNSKRLYNAKVSFANPTDLENKKTNDRLLKHDLLFHDMFVNDDWKKEFKVEFENEALSKKFINKDIDIFAGNYGYGCHGGATNKTQCSYGGVTLSDNNKYDDYKNIPCNLWIDGHQTEIELTAVKTKKK	Gr1/sel26 NCTC 6134
lcl|NC_002745.2_prot_SA_RS15135_1526	Gr6/sel30	40.361	166	95	2	6	168	1	165	2.13e-35	118	251	250	VKYLTGFILILLLEGIFTNSASAIEYSDLHHKSKFDSKRLSNAKMSFIN---PTQLENKNTNDRLLKHDLLFHDMFVNVASKKDFKVEFENEALSKKFINKNIDIYAGSYSYECHGGATNKTQCSYGGVTLSDNNK*DDYKNIPSNLWIDGHQTEIELTAVKTKKE	MKELIVIVLLLSVSQIKDNTFQT-SSEDLHHKSELSSLALNNMRHNYFHRWPPVKGENKITNDQFLANTLLFKDFLTNHQYYNDLLVQFNSKETTDKFKAKTVDIYGLAYGFQCNGGEPNKTNCIYGGLTTHEDNKLDKPKNVPINLWIDGAQKRVSLDKVKTDKK	Gr6/sel30 NCTC 6135
lcl|NC_002745.2_prot_SA_RS15135_1526	sea	36.257	171	99	2	10	170	4	174	1.81e-33	113	251	258	TGFILILLLEGIFTNS--------ASAIEYSDLHHKSKFDSKRLSNAKMSFI--NPTQLENKNTNDRLLKHDLLFHDMFVNVASKKDFKVEFENEALSKKFINKNIDIYAGSYSYECHGGATNKTQCSYGGVTLSDNNK*DDYKNIPSNLWIDGHQTEIELTAVKTKKENC	TAFTLLLFIALTLTTSPLVNGSEKSEEINEKDLRKKSELQGTALGNLKQIYYYNEKAKTENKESHDQFLQHTILFKGFFTDHSWYNDLLVDFDSKDIVDKYKGKKVDLYGAYYGYQCAGGTPNKTACMYGGVTLHDNNRLTEEKKVPINLWLDGKQNTVPLETVKTNKKNV	sea AAA26681.1
lcl|NC_002745.2_prot_SA_RS15135_1526	sed	35.220	159	101	1	28	184	31	189	3.93e-32	110	251	259	AIEYSDLHHKSKFDSKRLSNAKMSFI--NPTQLENKNTNDRLLKHDLLFHDMFVNVASKKDFKVEFENEALSKKFINKNIDIYAGSYSYECHGGATNKTQCSYGGVTLSDNNK*DDYKNIPSNLWIDGHQTEIELTAVKTKKENCYHSRIRCSIKKLFE	SVKEKELHKKSELSSTALNNMKHSYADKNPIIGENKSTGDQFLENTLLYKKFFTDLINFEDLLINFNSKEMAQHFKSKNVDVYPIRYSINCYGGEIDRTACTYGGVTPHEGNKLKERKKIPINLWINGVQKEVSLDKVQTDKKNVTVQELDAQARRYLQ	sed AAB06195.1
lcl|NC_002745.2_prot_SA_RS15135_1526	see	37.278	169	96	3	10	168	4	172	1.82e-31	108	251	258	TGFILILLLEGIFTNS--------ASAIEYSDLHHKSKFDSKRLSNAK-MSFINPTQL-ENKNTNDRLLKHDLLFHDMFVNVASKKDFKVEFENEALSKKFINKNIDIYAGSYSYECHGGATNKTQCSYGGVTLSDNNK*DDYKNIPSNLWIDGHQTEIELTAVKTKKE	TAFILLLFIALTLTTSPLVNGSEKSEEINEKDLRKKSELQRNALSNLRQIYYYNEKAITENKESDDQFLENTLLFKGFFTGHPWYNDLLVDLGSKDATNKYKGKKVDLYGAYYGYQCAGGTPNKTACMYGGVTLHDNNRLTEEKKVPINLWIDGKQTTVPIDKVKTSKK	see AAA26617.1
lcl|NC_002745.2_prot_SA_RS15135_1526	sep	36.970	165	99	2	9	168	11	175	2.07e-31	108	251	261	LTGFILILLLEGIFTN---SASAIEYSDLHHKSKFDSKRLSNAKMSFINPTQ--LENKNTNDRLLKHDLLFHDMFVNVASKKDFKVEFENEALSKKFINKNIDIYAGSYSYECHGGATNKTQCSYGGVTLSDNNK*DDYKNIPSNLWIDGHQTEIELTAVKTKKE	LLSFIALTLITSPFVNCSEKSEEINGKDLQKKSELQGTALSNLRQTYYHNGSAIIENKESNDQFLKNTILFNDFFTGHQWYNDLLVDLGSKDTANIYKGKKVDLYGVYYGYQCTGGTPFKTACMYGGVTLHDNNQLEEEKKVPINLWIDGKQNTVPLGTVKTNKK	sep BAB43036.1
lcl|NC_002745.2_prot_SA_RS15135_1526	selj	39.310	145	86	2	28	170	30	174	3.76e-29	102	251	269	AIEYSDLHHKSKFDSKRLSNAK-MSFINPTQLENK-NTNDRLLKHDLLFHDMFVNVASKKDFKVEFENEALSKKFINKNIDIYAGSYSYECHGGATNKTQCSYGGVTLSDNNK*DDYKNIPSNLWIDGHQTEIELTAVKTKKENC	TIKEKNLHKKSELSSITLNNLRHIYFFNEKGISEKIMTEDQFLDYTLLFKSFFISHSQYNDLLVQFDSKETVNKFKGKQVDLYGSYYGFQCSGGKPNKTACMYGGVTLHENNQLYDTKKIPINLWIDSIRTVVPLDIVKTNKKKV	selj BAC97796.1
lcl|NC_002745.2_prot_SA_RS15135_1526	Gr8/sel31	35.443	158	99	1	12	166	14	171	5.72e-24	88.2	251	256	FILILLLEGIFTNSASAIEYSDLHHKSKFDSKRLSNAKMSFINP---TQLENKNTNDRLLKHDLLFHDMFVNVASKKDFKVEFENEALSKKFINKNIDIYAGSYSYECHGGATNKTQCSYGGVTLSDNNK*DDYKNIPSNLWIDGHQTEIELTAVKTK	FFVLYVLISPNSNAISNSVPSTLHNKSELDTTQLYNLSNFYKSAEWHTDIHNKVNKNQLLATDLIFGDIHQSSLMTNALKVEFQNSALASQFKDKKVDIYGISFANNCIGLVGDKTSCMYGGITIHDNNQLEGEKNIGINVFKDGSKHETFTIATKKK	Gr8/sel31 NZ_AFTU01000025.1
lcl|NC_002745.2_prot_SA_RS15135_1526	Gr11/seh-2p	33.136	169	104	4	13	181	3	162	1.34e-23	85.5	251	176	ILILLLEGIFTNSASAIEYSDLHHKSKFDSKRLSNAKMSFINPTQLENKNTNDRLLKHDLLFHDMFVNVASKKDFKVEFENEALSKKFINKNIDIYAGSYSYECHGGATNKTQCSYGGVTLSDNNK*DDYKNIPSNLWIDGHQTEIELTAVKTKKENCYHSRIRCSIKK	ILFFTLLFVLTSYAKA---EDLHDKSELSDLALANAYGQYNHPFIKENVISSEIIGEKDLIFRNQGDN---GNDLRVKFASAGLAQNFKNKNVDIYGASFYYKCEKVSENISECLYGGTTL-NNEKLEQERVIGANVWVNGIQKETEL--IRTNKKNVTLQELDIKMRK	Gr11/seh-2p - truncated NC_017351.1
lcl|NC_002745.2_prot_SA_RS15135_1526	seh	34.437	151	93	3	33	183	26	170	1.38e-21	81.6	251	242	DLHHKSKFDSKRLSNAKMSFINPTQLENKNTNDRLLKHDLLFHDMFVNVASKKDFKVEFENEALSKKFINKNIDIYAGSYSYECHGGATNKTQCSYGGVTLSDNNK*DDYKNIPSNLWIDGHQTEIELTAVKTKKENCYHSRIRCSIKKLF	DLHDKSELTDLALANAYGQYNHPFIKENIKSDEISGEKDLIFRNQG---DSGNDLRVKFATADLAQKFKNKNVDIYGASFYYKCEKISENISECLYGGTTLN-SEKLAQERVIGANVWVDGIQKETEL--IRTNKKNVTLQELDIKIRKIL	seh AAA19777.1
lcl|NC_002745.2_prot_WP_000736712.1_1758	seg	100.000	258	0	0	1	258	1	258	0.0	528	258	259	MKKLSTVIIILILEIVFHNMNYVNAQPDPKLDELNKVSDYKNNKGTMGNVMNLYTSPPVEGRGVINSRQFLSHDLIFPIEYKSYNEVKTELENTELANNYKDKKVDIFGVPYFYTCIIPKSEPDINQNFGGCCMYGGLTFNSSENERDKLITVQVTIDNRQSLGFTITTNKNMVTIQELDYKARHWLTKEKKLYEFDGSAFESGYIKFTEKNNTSFWFDLFPKKELVPFVPYKFLNIYGDNKVVDSKSIKMEVFLNTH	MKKLSTVIIILILEIVFHNMNYVNAQPDPKLDELNKVSDYKNNKGTMGNVMNLYTSPPVEGRGVINSRQFLSHDLIFPIEYKSYNEVKTELENTELANNYKDKKVDIFGVPYFYTCIIPKSEPDINQNFGGCCMYGGLTFNSSENERDKLITVQVTIDNRQSLGFTITTNKNMVTIQELDYKARHWLTKEKKLYEFDGSAFESGYIKFTEKNNTSFWFDLFPKKELVPFVPYKFLNIYGDNKVVDSKSIKMEVFLNTH	seg AAC26660.1
lcl|NC_002745.2_prot_WP_000736712.1_1758	ser	56.420	257	112	0	1	257	2	258	1.71e-111	313	258	260	MKKLSTVIIILILEIVFHNMNYVNAQPDPKLDELNKVSDYKNNKGTMGNVMNLYTSPPVEGRGVINSRQFLSHDLIFPIEYKSYNEVKTELENTELANNYKDKKVDIFGVPYFYTCIIPKSEPDINQNFGGCCMYGGLTFNSSENERDKLITVQVTIDNRQSLGFTITTNKNMVTIQELDYKARHWLTKEKKLYEFDGSAFESGYIKFTEKNNTSFWFDLFPKKELVPFVPYKFLNIYGDNKVVDSKSIKMEVFLNT	LNKILLLLFSVTFMLLFFSLHSVSAKPDPRPGELNRVSDYKKNKGTMGNVESLYKDKAVIAENVKNTRQFLGHDLIFPIPYSEYKEVKSEFINKKTADKFKDKRLDVFGIPYFYTCLVPKNESREEFIFDGVCIYGGVTMHSTADSISKNIIVPVTVDNKQQFSFTISTNKKTVTVQELDYKVRNWLTNNKKLYEFDGSAYETGYIKFIEQNKDSFWYDLFPKKDLVPFIPYKFVNIYGDNKTIDASSVKIEVHLTT	ser BAC97795.1
lcl|NC_002745.2_prot_WP_000736712.1_1758	seb	44.151	265	129	8	4	257	7	263	3.38e-62	188	258	267	LSTVIIILILEIVFHNMNYV-NAQPDPKLDELNKVSDYKNNKGTMGNVMNLYTSPPVEGRGVINSRQFLSHDLIFPIE---YKSYNEVKTELENTELANNYKDKKVDIFGVPYFYTCIIPKSEPDINQNFGG---CCMYGGLT-FNSSENERDKLITVQVTIDNRQSLGFTITTNKNMVTIQELDYKARHWLTKEKKLYEFDGSAFESGYIKFTEKNNTSFWFDLFPKKELVP---FVPYKFLNIYGDNKVVDSKSIKMEVFLNT	ISHVILIFALILVISTPNVLAESQPDPKPDELHKSSKFT---GLMENMKVLYDDNHVSAINVKSIDQFLYFDLIYSIKDTKLGNYDNVRVEFKNKDLADKYKDKYVDVFGANYYYQCYFSKKTNDINSHQTDKRKTCMYGGVTEHNGNQLDKYRSITVRVFEDGKNLLSFDVQTNKKKVTAQELDYLTRHYLVKNKKLYEFNNSPYETGYIKFIE-NENSFWYDMMP----APGDKFDQSKYLMMYNDNKMVDSKDVKIEVYLTT	seb AAA88550.1
lcl|NC_002745.2_prot_WP_000736712.1_1758	sec2	42.366	262	138	7	4	257	7	263	3.90e-60	182	258	267	LSTVIIILILEIVFHNMNYV-NAQPDPKLDELNKVSDYKNNKGTMGNVMNLYTSPPVEGRGVINSRQFLSHDLIFPI---EYKSYNEVKTELENTELANNYKDKKVDIFGVPYFYTCIIPKSEPDINQNFGG-CCMYGGLT---FNSSENERDKLITVQVTIDNRQSLGFTITTNKNMVTIQELDYKARHWLTKEKKLYEFDGSAFESGYIKFTEKNNTSFWFDLFPKKELVPFVPYKFLNIYGDNKVVDSKSIKMEVFLNT	ISCVILIFALILVLFTPNVLAESQPDPTPDELHKSSEFT---GTMGNMKYLYDDHYVSATKVMSVDKFLAHDLIYNISDKKLKNYDKVKTELLNEDLAKKYKDEVVDVYGSNYYVNCYFS-SKDNVGKVTGGKTCMYGGITKHEGNHFDNGNLQNVLIRVYENKRNTISFEVQTDKKSVTAQELDIKARNFLINKKNLYEFNSSPYETGYIKFIENNGNTFWYDMMPAPG-DKFDQSKYLMMYNDNKTVDSKSVKIEVHLTT	sec2 AAR20496.1
lcl|NC_002745.2_prot_WP_000736712.1_1758	sec3	42.366	262	138	7	4	257	7	263	4.58e-59	180	258	267	LSTVIIILILEIVFHNMNYV-NAQPDPKLDELNKVSDYKNNKGTMGNVMNLYTSPPVEGRGVINSRQFLSHDLIFPI---EYKSYNEVKTELENTELANNYKDKKVDIFGVPYFYTCIIPKSEPDINQNFGG-CCMYGGLT---FNSSENERDKLITVQVTIDNRQSLGFTITTNKNMVTIQELDYKARHWLTKEKKLYEFDGSAFESGYIKFTEKNNTSFWFDLFPKKELVPFVPYKFLNIYGDNKVVDSKSIKMEVFLNT	ISRVILIFALILVISTPNVLAESQPDPMPDDLHKSSEFT---GTMGNMKYLYDDHYVSATKVKSVDKFLAHDLIYNISDKKLKNYDKVKTELLNEDLAKKYKDEVVDVYGSNYYVNCYFS-SKDNVGKVTGGKTCMYGGITKHEGNHFDNGNLQNVLVRVYENKRNTISFEVQTDKKSVTAQELDIKARNFLINKKNLYEFNSSPYETGYIKFIENNGNTFWYDMMPAPG-DKFDQSKYLMMYNDNKTVDSKSVKIEVHLTT	sec3 CAA35972.1
lcl|NC_002745.2_prot_WP_000736712.1_1758	Gr3/sel27	44.314	255	121	8	8	255	6	246	2.65e-58	177	258	250	IIILILEIVFHNMNYVNAQPDPKLDELNKVSDYKNNKGTMGNVMNLYTSPPVEGRGVINSRQFLSHDLIFPIEYKSYNEVKTELENTELANNYKDKKVDIFGVPYFYTCIIPKSEPDINQNFGG---CCMYGGLTFNSSENERDKL----ITVQVTIDNRQSLGFTITTNKNMVTIQELDYKARHWLTKEKKLYEFDGSAFESGYIKFTEKNNTSFWFDLFPKKELVPFVPYKFLNIYGDNKVVDSKSIKMEVFL	IFNFILNTIMSQTDY----SDPTSNQLNKTSQYE---GLMYNMKALYESDPVSIEKIKSYDQFLSFDLIYFYQTSQYNRIKTELTN-DLSNYYKDKDVDLFGVKYFVNCYFSDNK-DIKENSPSNDKVCMYGGVT--EHEGNRTKLFGYTIVVSVYIDNRNSRSFTLSTNKDHITAQELDYKVRNRLIKDVRLYEFESSRFETGYIKFIENGKAGFWYDLMPP---ANFSQSKYLMIYKDNKTLLSSKTAIEVHL	Gr3/sel27 NCTC 5663
lcl|NC_002745.2_prot_WP_000736712.1_1758	sec1	41.603	262	140	7	4	257	7	263	1.23e-56	174	258	267	LSTVIIILILEIVFHNMNYV-NAQPDPKLDELNKVSDYKNNKGTMGNVMNLYTSPPVEGRGVINSRQFLSHDLIFPI---EYKSYNEVKTELENTELANNYKDKKVDIFGVPYFYTCIIPKSEPDINQNFGG-CCMYGGLT---FNSSENERDKLITVQVTIDNRQSLGFTITTNKNMVTIQELDYKARHWLTKEKKLYEFDGSAFESGYIKFTEKNNTSFWFDLFPKKELVPFVPYKFLNIYGDNKVVDSKSIKMEVFLNT	ISCVILIFALILVLFTPNVLAESQPDPTPDELHKASKFT---GLMENMKVLYDDHYVSATKVKSVDKFLAHDLIYNISDKKLKNYDKVKTELLNEGLAKKYKDEVVDVYGSNYYVNCYFS-SKDNVGKVTGGKTCMYGGITKHEGNHFDNGNLQNVLIRVYENKRNTISFEVQTDKKSVTAQELDIKARNFLINKKNLYEFNSSPYETGYIKFIENNGNTFWYDMMPAPG-DKFDQSKYLMMYNDNKTVDSKSVKIEVHLTT	sec1 CAA29260.1
lcl|NC_002745.2_prot_WP_000736712.1_1758	selw	41.004	239	122	6	28	255	23	253	9.94e-52	160	258	257	DPKLDELNKVSDYKNNKGTMGNVMNLYTSPPVEGRGVINSRQFLSHDLIFPIEYKSYNEVKTELENTELANNYKDKKVDIFGVPYFYTCIIPKSEPDINQN--FGGCCMYGGLTF---------NSSENERDKLITVQVTIDNRQSLGFTITTNKNMVTIQELDYKARHWLTKEKKLYEFDGSAFESGYIKFTEKNNTSFWFDLFPKKELVPFVPYKFLNIYGDNKVVDSKSIKMEVFL	NPKPEQLNKASEFT---GLMDNMRYLYDDKHVSETNIKSQEKFLQHDLLFKINGSKI--LKTEFNNKSLSDKYKNKNVDLFGTNYYNQCYFSSDNMELNDGRLIEKTCMYGGVTEHDGNQIDKNNSTDNSHN--ILIKVYENERNSLSFDIPTNKKNITAQEIDYKVRNYLLKHKNLYEFNSSPYETGYIKFIEGSGHSFWYDLMPESG-KKFYPTKYLLIYNDNKTVESKSINVEVHL	selw EF030428.1
lcl|NC_002745.2_prot_WP_000736712.1_1758	selu	39.184	245	131	7	23	255	20	258	3.65e-50	157	258	262	VNAQPDPKLDELNKVSDYKNNKGTMGNVMNLYTSPPVEGRGVINSRQFLSHDLIFPIEYKSYNE---VKTELENTELANNYKDKKVDIFGVPYFYTCIIPKSEPDINQN--FGGCCMYGGLT-FNSSENERDKL------ITVQVTIDNRQSLGFTITTNKNMVTIQELDYKARHWLTKEKKLYEFDGSAFESGYIKFTEKNNTSFWFDLFPKKELVPFVPYKFLNIYGDNKVVDSKSIKMEVFL	LNGNPRP--EQLNKASEFS---GLMDNMRYLYDDKHVSETNIKVQEKFLQHDLLFKINGSKIDGSKILKTEFNNKSLSDKYKNKNVDLFGTNYYNQCYFSADNMELNDGRLIEKTCMYGGVTEHDGNQIDKNNLTDNSHNILIKVYENERNTLSFDISTNMKNITAQEIDYKVRNYLLKHKNLYEFNSSPYESGYIKFIEGNGHSFWYDMMPESG-EKFYPTKYLLIYNDNKTVESKSINVEVHL	selu AAP41902.1
lcl|NC_002745.2_prot_WP_000736712.1_1758	ses	35.521	259	145	12	6	255	9	254	5.59e-36	120	258	258	TVIIILILEIVFH-NMN-YVNA-QPDPKLDELNKVSDYKNNKGTMGNVMNLYTSPPV--EGRGVINSRQFLSHDLIFP-IEYKSYNE--VKTELENTELANNYKDKKVDIFGVPYFYTCIIPKSEPDINQNFGGCCMYGGLTFNSSEN-ERDKLITVQVTIDNRQSLGFTITTNKNMVTIQELDYKARHWLTKEKKLYEFDGSAFESGYIKFTEKNNTSFWFDLFPKKELVPFVPYKFLNIYGDNKVVDSKSIKMEVFL	TLIIILLCTFSFEFSFNRFVQADESRPKIESLKKKSEL--DSTALYNIKTSYSQDNIILDIKNKTNSTQLLSNDLIFDDITLKEWNKNSLKTEFNSSEIANHFKGKKVDIFGIYYGANCI-----GEVSKRTG--CIYGGITLHEEEKIDQKNSIGVNVFKDGSQQKGFMITTDKKEPTIQELDLKTRKVIQNQYKIYNSETGNIQKGYMEF-HSNSSSFYYDLFNFKGKYSV---DFLKFYNDNKTINSSNLHIDVYL	ses BAG06667.1
lcl|NC_002745.2_prot_WP_001236362.1_1759	sen	100.000	251	0	0	1	251	8	258	0.0	501	251	259	MRLFYIAAIIITLLCLINNNYVNAEVDKKDLKKKSDLDSSKLFNLTSYYTDITWQLDESNKISTDQLLNNTIILKNIDISVLKTSSLKVEFNSSDLANQFKGKNIDIYGLYFGNKCVGLTEEKTSCLYGGVTIHDGNQLDEEKVIGVNVFKDGVQQEGFVIKTKKAKVTVQELDTKVRFKLENLYKIYNKDTGNIQKGCIFFHSHNHQDQSFYYDLYNVKGSVGAEFFQFYSDNRTVSSSNYHIDVFLYKD	MRLFYIAAIIITLLCLINNNYVNAEVDKKDLKKKSDLDSSKLFNLTSYYTDITWQLDESNKISTDQLLNNTIILKNIDISVLKTSSLKVEFNSSDLANQFKGKNIDIYGLYFGNKCVGLTEEKTSCLYGGVTIHDGNQLDEEKVIGVNVFKDGVQQEGFVIKTKKAKVTVQELDTKVRFKLENLYKIYNKDTGNIQKGCIFFHSHNHQDQSFYYDLYNVKGSVGAEFFQFYSDNRTVSSSNYHIDVFLYKD	sen AAG36956.1
lcl|NC_002745.2_prot_WP_001236362.1_1759	Gr10/sel33	60.985	264	76	7	1	251	1	250	3.07e-100	284	251	250	MRLF---YIAAIIITLLCLINNNYVNAEVDKKDLKKKSDLDSSKLFNLTSYYTDITWQLDESNKISTDQLLNNTIILKNIDISVLKTSSLKVEFNSSDLANQFKGKNIDIYGLYFGNKCV----------GLTEEKTSCLYGGVTIHDGNQLDEEKVIGVNVFKDGVQQEGFVIKTKKAKVTVQELDTKVRFKLENLYKIYNKDTGNIQKGCIFFHSHNHQDQSFYYDLYNVKGSVGAEFFQFYSDNRTVSSSNYHIDVFLYKD	MKLFAFIFICVKSCSLLFMLNGN-----PKPEQLNKASEF-TGLMDNMRYLYDD--KHVSETNIKSQEKFLQHDLLFKISGSKILKT-----EFNNKSLSDKYKNKNVDLFGTNYYNQCYFSSDNMELNDGRLIEKT-CMYGGVTEHDGNQLDEEKVIGVNVFKDGVQQEGFVIKTKKAKVTVQELDTKVRFKLENLYKIYNKDTGNIQKGCIFFHSHNHQDQSFYYDLYNVKGSVGAEFFQFYSDNRTVSSSNYHIDVFLYKD	Gr10/sel33 NZ_FGMI01000018.1
lcl|NC_002745.2_prot_WP_001236362.1_1759	Gr8/sel31	50.201	249	119	2	3	251	13	256	4.08e-86	248	251	256	LFYIAAIIITLLCLINNNYVNAEVDKKDLKKKSDLDSSKLFNLTSYYTDITWQLDESNKISTDQLLNNTIILKNIDISVLKTSSLKVEFNSSDLANQFKGKNIDIYGLYFGNKCVGLTEEKTSCLYGGVTIHDGNQLDEEKVIGVNVFKDGVQQEGFVIKTKKAKVTVQELDTKVRFKLENLYKIYNKDTGNIQKGCIFFHSHNHQDQSFYYDLYNVKGSVGAEFFQFYSDNRTVSSSNYHIDVFLYKD	LFFVLYVLIS----PNSNAISNSV-PSTLHNKSELDTTQLYNLSNFYKSAEWHTDIHNKVNKNQLLATDLIFGDIHQSSLMTNALKVEFQNSALASQFKDKKVDIYGISFANNCIGLVGDKTSCMYGGITIHDNNQLEGEKNIGINVFKDGSKHETFTIATKKKMVTLQELDIKTRNKLEQSFNIYNKDKGDIKKGYINYHPHNQNDNNYYYDLYDFKGKLSEQFFRFYNDNIIVPSSAYHIDVYLFSN	Gr8/sel31 NZ_AFTU01000025.1
lcl|NC_002745.2_prot_WP_001236362.1_1759	ses	48.207	251	119	3	7	249	8	255	1.38e-81	237	251	258	AAIIITLLCLIN-----NNYVNAEVDK---KDLKKKSDLDSSKLFNLTSYYTDITWQLDESNKISTDQLLNNTIILKNIDISVLKTSSLKVEFNSSDLANQFKGKNIDIYGLYFGNKCVGLTEEKTSCLYGGVTIHDGNQLDEEKVIGVNVFKDGVQQEGFVIKTKKAKVTVQELDTKVRFKLENLYKIYNKDTGNIQKGCIFFHSHNHQDQSFYYDLYNVKGSVGAEFFQFYSDNRTVSSSNYHIDVFLY	VTLIIILLCTFSFEFSFNRFVQADESRPKIESLKKKSELDSTALYNIKTSYSQDNIILDIKNKTNSTQLLSNDLIFDDITLKEWNKNSLKTEFNSSEIANHFKGKKVDIFGIYYGANCIGEVSKRTGCIYGGITLHEEEKIDQKNSIGVNVFKDGSQQKGFMITTDKKEPTIQELDLKTRKVIQNQYKIYNSETGNIQKGYMEFHSNS---SSFYYDLFNFKGKYSVDFLKFYNDNKTINSSNLHIDVYLY	ses BAG06667.1
lcl|NC_002745.2_prot_WP_001236362.1_1759	seo	44.167	240	130	2	14	249	21	260	1.94e-65	196	251	262	LCLINNNYVNAEVDK-KDLKKKSDLDSSKLFNLTSYYTDITWQLDESNKISTDQLLNNTIILKNI---DISVLKTSSLKVEFNSSDLANQFKGKNIDIYGLYFGNKCVGLTEEKTSCLYGGVTIHDGNQLDEEKVIGVNVFKDGVQQEGFVIKTKKAKVTVQELDTKVRFKLENLYKIYNKDTGNIQKGCIFFHSHNHQDQSFYYDLYNVKGSVGAEFFQFYSDNRTVSSSNYHIDVFLY	ICSVNNAYANEEDPKIESLCKKSSVDPIALHNINDDYINNRFTTVKSIVSTTEKFLDFDLLFKSINWLDGISAEFKDLKVEFSSSAISKEFLGKTVDIYGVYYKAHCHGEHQVDTACTYGGVTPHENNKLSEPKNIGVAVYKDNVNVNTFIVTTDKKKVTAQELDIKVRTKLNNAYKLYDRMTSDVQKGYIKFHSHSEHKESFYYDLFYIKGNLPDQYLQIYNDNKTIDSSDYHIDVYLF	seo AAG36951.1
lcl|NC_002745.2_prot_WP_001236362.1_1759	sea	39.526	253	142	5	3	249	8	255	6.37e-59	179	251	258	LFYIAAIIITLLCLINNNYVNAEVDKKDLKKKSDLDSSKLFNLTS--YYTDITWQLDESNKISTDQLLNNTIILKNIDISVLKTSSLKVEFNSSDLANQFKGKNIDIYGLYFGNKCVGLTEEKTSCLYGGVTIHDGNQLDEEKVIGVNVFKDGVQQEGFV--IKTKKAKVTVQELDTKVRFKLENLYKIYNKDT--GNIQKGCIFFHSHNHQDQSFYYDLYNVKGSVGAEFFQFYSDNRTVSSSNYHIDVFLY	LLLFIALTLTTSPLVNGSEKSEEINEKDLRKKSELQGTALGNLKQIYYYNE---KAKTENKESHDQFLQHTILFKGFFTDHSWYNDLLVDFDSKDIVDKYKGKKVDLYGAYYGYQCAGGTPNKTACMYGGVTLHDNNRLTEEKKVPINLWLDGKQNTVPLETVKTNKKNVTVQELDLQARRYLQEKYNLYNSDVFDGKVQRGLIVFHTST--EPSVNYDLFGAQGQYSNTLLRIYRDNKTINSENMHIDIYLY	sea AAA26681.1
lcl|NC_002745.2_prot_WP_001236362.1_1759	Gr7/ses-2p	46.119	219	112	2	31	249	28	240	6.99e-59	178	251	242	LKKKSDLDSSKLFNLTSYYTDITWQLDESNKISTDQLLNNTIILKNIDISVLKTSSLKVEFNSSDLANQFKGKNIDIYGLYFGNKCVGLTEEKTSCLYGGVTIHDGNQLDEEKVIGVNVFKDGVQQEGFVIKTKKAKVTVQELDTKVRFKLENLYKIYNKDTGNIQKGCIFFHSHNHQDQSFYYDLYNVKGSVGAEFFQFYSDNRTVSSSNYHIDVFLY	LKNKSDLDLTAIYNIKSVYSXKVNFLNFKDKIKIKQLLNXIF---NVIIKXLKXKXSKTELNSSEIANTFKGKMXDIFGVHFGANCVGEVGENSACLYGGXXHFTKKXKTTKKSIGINVFKNGFQQKGFVITTDKIKPIAQELDLNTRNNIQNQYKMYDSETGDIQKGYIKFHS---TKSSFYYDLFDFKGKKRVDFLKFYNDNELISTKNLHIDIYLF	Gr7/ses-2p - partially repaired NCTC 5657
lcl|NC_002745.2_prot_WP_001236362.1_1759	Gr12/ses-3p	47.032	219	110	2	31	249	25	237	1.29e-58	177	251	239	LKKKSDLDSSKLFNLTSYYTDITWQLDESNKISTDQLLNNTIILKNIDISVLKTSSLKVEFNSSDLANQFKGKNIDIYGLYFGNKCVGLTEEKTSCLYGGVTIHDGNQLDEEKVIGVNVFKDGVQQEGFVIKTKKAKVTVQELDTKVRFKLENLYKIYNKDTGNIQKGCIFFHSHNHQDQSFYYDLYNVKGSVGAEFFQFYSDNRTVSSSNYHIDVFLY	LKNKSDLDLTALYNIKPVYSXKVNFLNFKDKIKTKQLL---YXLFNVIIK*LNKDSLKKELNSSEIANTFKGKMXDIFGVHFGANCVGEAGENSACLYGGXXHFTKK*KTTKKSIGINVFKNGFQQKGFVITTAKIKPTAQELDLKTRNNIQNQYKMYDSETGDIQKGYIKFHS---TKSSFYYDLFDFKVKKRVDFLKFYNDNELISTKKLHIDIYLF	Gr12/ses-3p - partially repaired NC_003923.1
lcl|NC_002745.2_prot_WP_001236362.1_1759	see	39.442	251	145	4	3	249	8	255	1.92e-58	178	251	258	LFYIAAIIITLLCLINNNYVNAEVDKKDLKKKSDLDSSKLFNLTSYYTDITWQLDESNKISTDQLLNNTIILKNIDISVLKTSSLKVEFNSSDLANQFKGKNIDIYGLYFGNKCVGLTEEKTSCLYGGVTIHDGNQLDEEKVIGVNVFKDGVQQEGFV--IKTKKAKVTVQELDTKVRFKLENLYKIYNKDT--GNIQKGCIFFHSHNHQDQSFYYDLYNVKGSVGAEFFQFYSDNRTVSSSNYHIDVFLY	LLLFIALTLTTSPLVNGSEKSEEINEKDLRKKSELQRNALSNLRQIYYYNEKAITE-NKESDDQFLENTLLFKGFFTGHPWYNDLLVDLGSKDATNKYKGKKVDLYGAYYGYQCAGGTPNKTACMYGGVTLHDNNRLTEEKKVPINLWIDGKQTTVPIDKVKTSKKEVTVQELDLQARHYLHGKFGLYNSDSFGGKVQRGLIVFHS--SEGSTVSYDLFDAQGQYPDTLLRIYRDNKTINSENLHIDLYLY	see AAA26617.1
lcl|NC_002745.2_prot_WP_001236362.1_1759	sep	41.270	252	138	6	3	249	12	258	7.98e-56	171	251	261	LFYIAAIIITLLCLINNNYVNAEVDKKDLKKKSDLDSSKLFNLT-SYYTDITWQLDESNKISTDQLLNNTIILKNIDISVLKTSSLKVEFNSSDLANQFKGKNIDIYGLYFGNKCVGLTEEKTSCLYGGVTIHDGNQLDEEKVIGVNVFKDGVQQEGFV--IKTKKAKVTVQELDTKVRFKLENLYKIYNKDT--GNIQKGCIFFHSHNHQDQSFYYDLYNVKGSVGAEFFQFYSDNRTVSSSNYHIDVFLY	LSFIALTLITS-PFVNCSEKSEEINGKDLQKKSELQGTALSNLRQTYYHNGSAIIE--NKESNDQFLKNTILFNDFFTGHQWYNDLLVDLGSKDTANIYKGKKVDLYGVYYGYQCTGGTPFKTACMYGGVTLHDNNQLEEEKKVPINLWIDGKQNTVPLGTVKTNKKEVTVQELDLQSRHYLHETYNLYNTDAFNGKIQRGLIEFHPSS--GDSVGYDLFGAQGQYPDTQLRIYRDNKTIKSKNMHIDIYLY	sep BAB43036.1
lcl|NC_002745.2_prot_SA_RS15170_1760	selw	99.187	123	1	0	1	123	1	123	6.39e-87	251	257	257	MKLFAFIFICVKSCSLLFMLNGNPKPEQLNKASEFTGLMDNMRYLYDDKHVSETNIKSQEKFLQHDLLFKINGSKILKTEFNNKSLSDKYKNKNVDLFGTNYYNQCYFSLDNMELNDGRLIEK	MKLFAFIFICVKSCSLLFMLNGNPKPEQLNKASEFTGLMDNMRYLYDDKHVSETNIKSQEKFLQHDLLFKINGSKILKTEFNNKSLSDKYKNKNVDLFGTNYYNQCYFSSDNMELNDGRLIEK	selw EF030428.1
lcl|NC_002745.2_prot_SA_RS15170_1760	Gr10/sel33	98.374	123	2	0	1	123	1	123	1.78e-86	249	257	250	MKLFAFIFICVKSCSLLFMLNGNPKPEQLNKASEFTGLMDNMRYLYDDKHVSETNIKSQEKFLQHDLLFKINGSKILKTEFNNKSLSDKYKNKNVDLFGTNYYNQCYFSLDNMELNDGRLIEK	MKLFAFIFICVKSCSLLFMLNGNPKPEQLNKASEFTGLMDNMRYLYDDKHVSETNIKSQEKFLQHDLLFKISGSKILKTEFNNKSLSDKYKNKNVDLFGTNYYNQCYFSSDNMELNDGRLIEK	Gr10/sel33 NZ_FGMI01000018.1
lcl|NC_002745.2_prot_SA_RS15170_1760	selu	92.969	128	4	1	1	123	1	128	7.75e-83	240	257	262	MKLFAFIFICVKSCSLLFMLNGNPKPEQLNKASEFTGLMDNMRYLYDDKHVSETNIKSQEKFLQHDLLFKIN-----GSKILKTEFNNKSLSDKYKNKNVDLFGTNYYNQCYFSLDNMELNDGRLIEK	MKLFAFIFICVKSCSLLFMLNGNPRPEQLNKASEFSGLMDNMRYLYDDKHVSETNIKVQEKFLQHDLLFKINGSKIDGSKILKTEFNNKSLSDKYKNKNVDLFGTNYYNQCYFSADNMELNDGRLIEK	selu AAP41902.1
lcl|NC_002745.2_prot_SA_RS15170_1760	seb	47.059	119	57	2	3	116	13	130	3.74e-33	113	257	267	LFAFIFICVKSCSLLFMLNGNPKPEQLNKASEFTGLMDNMRYLYDDKHVSETNIKSQEKFLQHDLLFKINGSKI-----LKTEFNNKSLSDKYKNKNVDLFGTNYYNQCYFSLDNMELN	IFALILV-ISTPNVLAESQPDPKPDELHKSSKFTGLMENMKVLYDDNHVSAINVKSIDQFLYFDLIYSIKDTKLGNYDNVRVEFKNKDLADKYKDKYVDVFGANYYYQCYFSKKTNDIN	seb AAA88550.1
lcl|NC_002745.2_prot_SA_RS15170_1760	sec3	46.429	112	54	2	3	109	13	123	3.65e-30	105	257	267	LFAFIFICVKSCSLLFMLNGNPKPEQLNKASEFTGLMDNMRYLYDDKHVSETNIKSQEKFLQHDLLFKINGSKI-----LKTEFNNKSLSDKYKNKNVDLFGTNYYNQCYFS	IFALILV-ISTPNVLAESQPDPMPDDLHKSSEFTGTMGNMKYLYDDHYVSATKVKSVDKFLAHDLIYNISDKKLKNYDKVKTELLNEDLAKKYKDEVVDVYGSNYYVNCYFS	sec3 CAA35972.1
lcl|NC_002745.2_prot_SA_RS15170_1760	sec1	46.429	112	54	2	3	109	13	123	9.94e-30	103	257	267	LFAFIFICVKSCSLLFMLNGNPKPEQLNKASEFTGLMDNMRYLYDDKHVSETNIKSQEKFLQHDLLFKINGSKI-----LKTEFNNKSLSDKYKNKNVDLFGTNYYNQCYFS	IFALILVLF-TPNVLAESQPDPTPDELHKASKFTGLMENMKVLYDDHYVSATKVKSVDKFLAHDLIYNISDKKLKNYDKVKTELLNEGLAKKYKDEVVDVYGSNYYVNCYFS	sec1 CAA29260.1
lcl|NC_002745.2_prot_SA_RS15170_1760	sec2	45.536	112	55	2	3	109	13	123	6.42e-29	102	257	267	LFAFIFICVKSCSLLFMLNGNPKPEQLNKASEFTGLMDNMRYLYDDKHVSETNIKSQEKFLQHDLLFKINGSKI-----LKTEFNNKSLSDKYKNKNVDLFGTNYYNQCYFS	IFALILVLF-TPNVLAESQPDPTPDELHKSSEFTGTMGNMKYLYDDHYVSATKVMSVDKFLAHDLIYNISDKKLKNYDKVKTELLNEDLAKKYKDEVVDVYGSNYYVNCYFS	sec2 AAR20496.1
lcl|NC_002745.2_prot_SA_RS15170_1760	Gr3/sel27	42.857	119	63	4	1	117	1	116	5.17e-19	74.7	257	250	MKLFAFIFICVKSCSLLFMLNGNPKPEQLNKASEFTGLMDNMRYLYDDKHVSETNIKSQEKFLQHDLLFKINGSKI--LKTEFNNKSLSDKYKNKNVDLFGTNYYNQCYFSLDNMELND	MKLF-FIFNFILNTIMSQTDYSDPTSNQLNKTSQYEGLMYNMKALYESDPVSIEKIKSYDQFLSFDLIYFYQTSQYNRIKTELTN-DLSNYYKDKDVDLFGVKYFVNCYFS-DNKDIKE	Gr3/sel27 NCTC 5663
lcl|NC_002745.2_prot_SA_RS15170_1760	ser	38.889	108	57	3	4	106	14	117	1.04e-18	73.9	257	260	FAFIFICVKSCSLLFMLNGNPKPEQLNKASEFT---GLMDNMRYLYDDKHVSETNIKSQEKFLQHDLLFKINGS--KILKTEFNNKSLSDKYKNKNVDLFGTNYYNQC	FMLLFFSLHSVSA----KPDPRPGELNRVSDYKKNKGTMGNVESLYKDKAVIAENVKNTRQFLGHDLIFPIPYSEYKEVKSEFINKKTADKFKDKRLDVFGIPYFYTC	ser BAC97795.1
lcl|NC_002745.2_prot_SA_RS15170_1760	seg	33.654	104	62	3	20	116	23	126	1.61e-13	59.3	257	259	LNGNPKP--EQLNKASEFT---GLMDNMRYLYDDKHVSETNIKSQEKFLQHDLLFKIN--GSKILKTEFNNKSLSDKYKNKNVDLFGTNYYNQCYFSLDNMELN	VNAQPDPKLDELNKVSDYKNNKGTMGNVMNLYTSPPVEGRGVINSRQFLSHDLIFPIEYKSYNEVKTELENTELANNYKDKKVDIFGVPYFYTCIIPKSEPDIN	seg AAC26660.1
lcl|NC_002745.2_prot_WP_000713847.1_1761	sei	100.000	242	0	0	1	242	1	242	1.52e-180	486	242	243	MKKFKYSFILVFILLFNIKDLTYAQGDIGVGNLRNFYTKHDYIDLKGVTDKNLPIANQLEFSTGTNDLISESNNWDEISKFKGKKLDIFGIDYNGPCKSKYMYGGATLSGQYLNSARKIPINLWVNGKHKTISTDKIATNKKLVTAQEIDVKLRRYLQEEYNIYGHNNTGKGKEYGYKSKFYSGFNNGKVLFHLNNEKSFSYDLFYTGDGLPVSFLKIYEDNKIIESEKFHLDVEISYVDSN	MKKFKYSFILVFILLFNIKDLTYAQGDIGVGNLRNFYTKHDYIDLKGVTDKNLPIANQLEFSTGTNDLISESNNWDEISKFKGKKLDIFGIDYNGPCKSKYMYGGATLSGQYLNSARKIPINLWVNGKHKTISTDKIATNKKLVTAQEIDVKLRRYLQEEYNIYGHNNTGKGKEYGYKSKFYSGFNNGKVLFHLNNEKSFSYDLFYTGDGLPVSFLKIYEDNKIIESEKFHLDVEISYVDSN	sei AAC26661.1
lcl|NC_002745.2_prot_WP_000713847.1_1761	sek	72.146	219	60	1	24	241	23	241	1.39e-117	327	242	243	AQGDIGVGNLRNFYTKHDYIDLKGVTDKNLPIANQLEFSTGTNDLISESNNWDEISKFKGKKLDIFGIDYNGPCKSKYMYGGATLSGQYLNSARKIPINLWVNGKHKTISTDKIATNKKLVTAQEIDVKLRRYLQEEYNIYGHNNTGKGKEYGYKSKFYSGFNNGKVLFHLNNEKSFSYDLFYTG-DGLPVSFLKIYEDNKIIESEKFHLDVEISYVDS	AQGDIGIDNLRNFYTKKDFVDLKDVKDNDTPIANQLQFSNESYDLISESKDFNKFSNFKGKKLDVFGISYNGQCNTKYIYGGVTATNEYLDKSRNIPINIWINGNHKTISTNKVSTNKKLVTAQEIDVKLRKYLQEEYNIYGHNGTKKGEEYGHKSKFYSGFNIGKVTFHLNNNDTFSYDLFYTGDDGLPKSFLKIYEDNKTVESEKFHLDVDISYKET	sek AAC28968.1
lcl|NC_002745.2_prot_WP_000713847.1_1761	selv	68.511	235	73	1	9	242	5	239	5.74e-117	325	242	240	ILVFILLFNIKDLTYAQGDIGVGNLRNFYTKHDYIDLKGVTDKNLPIANQLEFSTGTNDLISESNNWDEISKFKGKKLDIFGIDYNGPC-KSKYMYGGATLSGQYLNSARKIPINLWVNGKHKTISTDKIATNKKLVTAQEIDVKLRRYLQEEYNIYGHNNTGKGKEYGYKSKFYSGFNNGKVLFHLNNEKSFSYDLFYTGDGLPVSFLKIYEDNKIIESEKFHLDVEISYVDSN	LIIVVLLFCYSQNHIATADVGVLNLRNYYGSYPIEDHQSINPENNHLSHQLVFSMDNSSITAEFKNVDDVKKFKNHAVDVYGLSYSGYCLKNKYIYGGVTLAGDYLEKSRCIPINLWVNGEHQTISTDKVSTNKKLVTAQEIDVKLRRYLQEEYNIYGHNNTGKGKEYGYKSKFYSGFNNGKVLFHLNNEKSFSYDLFYTGDGLPVSFLKIYEDNKIIESEKFHLDVEISYVDSN	selv EF030427.1
lcl|NC_002745.2_prot_WP_000713847.1_1761	Gr5/sel29p	63.274	226	81	1	14	237	1	226	9.20e-101	284	242	226	LLFNIKDLTYAQGDIGVG--NLRNFYTKHDYIDLKGVTDKNLPIANQLEFSTGTNDLISESNNWDEISKFKGKKLDIFGIDYNGPCKSKYMYGGATLSGQYLNSARKIPINLWVNGKHKTISTDKIATNKKLVTAQEIDVKLRRYLQEEYNIYGHNNTGKGKEYGYKSKFYSGFNNGKVLFHLNNEKSFSYDLFYTGDGLPVSFLKIYEDNKIIESEKFHLDVEIS	MFLCIENKVNAYTDPGVGPHNLRNFYVNYKYVDLKAVSDKNTSVANQLEFTEDNYRLISESTDWAQFSKLKGKKVDVFGISHIGHPNIKYMYGGVTLSDRYLDEPRNIPINLWVKGKHSTISSDKISTNKKTVTAQEIDIKLRRYLQDEYNIYGFNTTGKGKEYGNHSKFNSGFSTGKITFDLNAGNDFAYDLFYTGNGFPETFFKVYEDNKVIETENFHLDVEIS	Gr5/sel29p - fully repaired NCTC 6966
lcl|NC_002745.2_prot_WP_000713847.1_1761	Gr4/sel28	60.930	215	83	1	24	237	8	222	1.35e-94	268	242	227	AQGDIGVGNLRNFYTKHDYIDLKGVTDKNLPIANQLEFSTGTNDLISESNNWDEISKFKGKKLDIFGIDYNGPCKS-KYMYGGATLSGQYLNSARKIPINLWVNGKHKTISTDKIATNKKLVTAQEIDVKLRRYLQEEYNIYGHNNTGKGKEYGYKSKFYSGFNNGKVLFHLNNEKSFSYDLFYTGDGLPVSFLKIYEDNKIIESEKFHLDVEIS	AYADVGVQNLRNYYGSYEFIDLKNQSDKNNPQSHQLEYEVEGKALYSQLSSEHDVKRLKSQKVDIFGIPYTGITQNVEYIYGGITLSNDYLDNARNIPINLWINGQHKTISTDRVSTNKKQVTAQEIDVKLRRYLQEEYNIYGHNKTNKGREYGNESKFNSGFDKGNVIFHLNNGTQFSYDLFYTGHGQPEDFLKVYNDNKTIDSENFHLDVDLS	Gr4/sel28 NCTC 5663
lcl|NC_002745.2_prot_WP_000713847.1_1761	seq	59.664	238	93	2	2	238	17	252	3.34e-94	268	242	257	KKFKYSFILVFILLFNIKD-LTYAQGDIGVGNLRNFYTKHDYIDLKGVTDKNLPIANQLEFSTGTNDLISESNNWDEISKFKGKKLDIFGIDYNGPCKSKYMYGGATLSGQYLNSARKIPINLWVNGKHKTISTDKIATNKKLVTAQEIDVKLRRYLQEEYNIYGHNNTGKGKEYGYKSKFYSGFNNGKVLFHLNNEKSFSYDLFYTGDGLPVSFLKIYEDNKIIESEKFHLDVEISY	KIFRILTVSLFFFTFLIKNNLAYA--DVGVINLRNFYANYEPEKLQGVSSGNFSTSHQLEYIDGKYTLYSQFHNEYEAKRLKDHKVDIFGISYSGLCNTKYMYGGITLANQNLDKPRNIPINLWVNGKQNTISTDKVSTQKKEVTAQEIDIKLRKYLQNEYNIYGFNKTKKGQEYGYQSKFNSGFNKGKITFHLNNEPSFTYDLFYTGTGQAESFLKIYNDNKTIDAENFHLDVEISY	seq AAL67620.1
lcl|NC_002745.2_prot_WP_000713847.1_1761	sem	57.082	233	99	1	9	240	5	237	6.68e-93	265	242	240	ILVFILLFNIKDLTYAQGDIGVGNLRNFYTKHDYIDLKGVTDKNLPIANQLEFSTGTNDLISESNNWDEISKFKGKKLDIFGIDYNGPC-KSKYMYGGATLSGQYLNSARKIPINLWVNGKHKTISTDKIATNKKLVTAQEIDVKLRRYLQEEYNIYGHNNTGKGKEYGYKSKFYSGFNNGKVLFHLNNEKSFSYDLFYTGDGLPVSFLKIYEDNKIIESEKFHLDVEISYVD	LIIVVLLFCYSQNHIATADVGVLNLRNYYGSYPIEDHQNINPDNNRLSHQLVFSKDNSTVTAEFKNVEDVKKFKNRAVDVYGLSYSGYCLKNKYMYGGVTLAGDYLEKSRCIPINLWVNGNLKTISTDKVSTNKKIVTAQEIDTKLRRYLQEEYNIYGFNDTNKGRNYGTKSKFFSGFNTGKISFHLNDGTSFSYDLFDTGTGQAESFLKIYNDNKTVETDKFHLDVEISYKD	sem ABQ42204.1
lcl|NC_002745.2_prot_WP_000713847.1_1761	sel	55.882	238	104	1	1	237	1	238	4.77e-92	262	242	241	MKKFKYSFILVFILLFNIKDLTYAQGDIGVGNLRNFYTKHDYIDLKGVTDKNLPIANQLEFSTGTNDLISESNNWDEISKFKGKKLDIFGIDYNGPCKSKYMYGGAT-LSGQYLNSARKIPINLWVNGKHKTISTDKIATNKKLVTAQEIDVKLRRYLQEEYNIYGHNNTGKGKEYGYKSKFYSGFNNGKVLFHLNNEKSFSYDLFYTGDGLPVSFLKIYEDNKIIESEKFHLDVEIS	MKKRLLFVIVITLFIFSSNHTVLSNGDVGTGNLRNFYTKYEYVNLKNVKDKNSPESHRLEYSYKNDTLYAEFDNEYITSDLKGKNVDVFGISYKYGSNSRTIYGGVTKAENNKLDSPRIIPINLIINGKHQTVTTKSVSTDKKMVTAQEIDVKLRKYLQDEFNIYGHNDTGKGKEYGTSSKFYSGFDKGSVVFHMNDGSNFSYDLFYTGYGLPESFLKIYKDNKTVGSTQFHLDVEIS	sel BAO65763.1
lcl|NC_002745.2_prot_WP_000713847.1_1761	Gr9/sel32	58.333	216	90	0	24	239	25	240	1.46e-87	251	242	243	AQGDIGVGNLRNFYTKHDYIDLKGVTDKNLPIANQLEFSTGTNDLISESNNWDEISKFKGKKLDIFGIDYNGPCKSKYMYGGATLSGQYLNSARKIPINLWVNGKHKTISTDKIATNKKLVTAQEIDVKLRRYLQEEYNIYGHNNTGKGKEYGYKSKFYSGFNNGKVLFHLNNEKSFSYDLFYTGDGLPVSFLKIYEDNKIIESEKFHLDVEISYV	AKADAGVLNLRNFYGSYSFEDHKSIDTLNNPLTHELTFNMGNYQLNSEMQNDFDVAKFKGKKVDIFGISYKGVCGTNYMYGGVTKSDNNLKQKRNIPINLSVNGENKTVVTERISTDKKMVTVQEIDVKLRKYLQDEYNIYGHNKTNKGKQYGTKSKFYSGFDTGTIVFHMNDGNNFSYDLFDYGHGQPEDFLKIYKDNKTIDSEVFHLDVEISFL	Gr9/sel32 NZ_AFTU01000025.1
lcl|NC_002745.2_prot_WP_000713847.1_1761	sea	39.205	176	88	3	66	234	89	252	6.19e-38	124	242	258	NDLISESNNWDEISKFKGKKLDIFGIDYNGPC------KSKYMYGGATL-SGQYLNSARKIPINLWVNGKHKTISTDKIATNKKLVTAQEIDVKLRRYLQEEYNIYGHNNTGKGKEYGYKSKFYSGFNNGKVLFHLNNEKSFSYDLFYTGDGLPVSFLKIYEDNKIIESEKFHLDV	NDLLVDFDSKDIVDKYKGKKVDLYGAYYGYQCAGGTPNKTACMYGGVTLHDNNRLTEEKKVPINLWLDGKQNTVPLETVKTNKKNVTVQELDLQARRYLQEKYNLYNSD------------VFDGKVQRGLIVFHTSTEPSVNYDLFGAQGQYSNTLLRIYRDNKTINSENMHIDI	sea AAA26681.1
lcl|NC_002745.2_prot_WP_000821658.1_1762	sem	92.469	239	18	0	1	239	1	239	6.00e-167	452	239	240	MKRILIIVVLLFCYSQNHIATADVGVLNLRNYYGSYPIEDHQSINPENNHLSHQLVFSMDNSTVTAEFKNVDDVKKFKNHAVDVYGLSYSGYCLKNKYIYGGVTLAGDYLEKSRRIPINLWVNGEHQTISTDKVSTNKKLVTAQEIDTKLRRYLQEEYNIYGFNDTNKGRNYGNKSKFSSGFNAGKILFHLNDGSSFSYDLFDTGTGQAESFLKIYNDNKTVETEKFHLDVEISYKDES	MKRILIIVVLLFCYSQNHIATADVGVLNLRNYYGSYPIEDHQNINPDNNRLSHQLVFSKDNSTVTAEFKNVEDVKKFKNRAVDVYGLSYSGYCLKNKYMYGGVTLAGDYLEKSRCIPINLWVNGNLKTISTDKVSTNKKIVTAQEIDTKLRRYLQEEYNIYGFNDTNKGRNYGTKSKFFSGFNTGKISFHLNDGTSFSYDLFDTGTGQAESFLKIYNDNKTVETDKFHLDVEISYKDES	sem ABQ42204.1
lcl|NC_002745.2_prot_WP_000821658.1_1762	selv	89.030	237	26	0	1	237	1	237	3.49e-158	430	239	240	MKRILIIVVLLFCYSQNHIATADVGVLNLRNYYGSYPIEDHQSINPENNHLSHQLVFSMDNSTVTAEFKNVDDVKKFKNHAVDVYGLSYSGYCLKNKYIYGGVTLAGDYLEKSRRIPINLWVNGEHQTISTDKVSTNKKLVTAQEIDTKLRRYLQEEYNIYGFNDTNKGRNYGNKSKFSSGFNAGKILFHLNDGSSFSYDLFDTGTGQAESFLKIYNDNKTVETEKFHLDVEISYKD	MKRILIIVVLLFCYSQNHIATADVGVLNLRNYYGSYPIEDHQSINPENNHLSHQLVFSMDNSSITAEFKNVDDVKKFKNHAVDVYGLSYSGYCLKNKYIYGGVTLAGDYLEKSRCIPINLWVNGEHQTISTDKVSTNKKLVTAQEIDVKLRRYLQEEYNIYGHNNTGKGKEYGYKSKFYSGFNNGKVLFHLNNEKSFSYDLFYTGDGLPVSFLKIYEDNKIIESEKFHLDVEISYVD	selv EF030427.1
lcl|NC_002745.2_prot_WP_000821658.1_1762	seq	60.851	235	90	2	3	236	20	253	1.82e-99	281	239	257	RILIIVVLLFCY-SQNHIATADVGVLNLRNYYGSYPIEDHQSINPENNHLSHQLVFSMDNSTVTAEFKNVDDVKKFKNHAVDVYGLSYSGYCLKNKYIYGGVTLAGDYLEKSRRIPINLWVNGEHQTISTDKVSTNKKLVTAQEIDTKLRRYLQEEYNIYGFNDTNKGRNYGNKSKFSSGFNAGKILFHLNDGSSFSYDLFDTGTGQAESFLKIYNDNKTVETEKFHLDVEISYK	RILTVSLFFFTFLIKNNLAYADVGVINLRNFYANYEPEKLQGVSSGNFSTSHQLEYIDGKYTLYSQFHNEYEAKRLKDHKVDIFGISYSGLC-NTKYMYGGITLANQNLDKPRNIPINLWVNGKQNTISTDKVSTQKKEVTAQEIDIKLRKYLQNEYNIYGFNKTKKGQEYGYQSKFNSGFNKGKITFHLNNEPSFTYDLFYTGTGQAESFLKIYNDNKTIDAENFHLDVEISYE	seq AAL67620.1
lcl|NC_002745.2_prot_WP_000821658.1_1762	Gr4/sel28	60.930	215	84	0	20	234	8	222	3.51e-98	277	239	227	ATADVGVLNLRNYYGSYPIEDHQSINPENNHLSHQLVFSMDNSTVTAEFKNVDDVKKFKNHAVDVYGLSYSGYCLKNKYIYGGVTLAGDYLEKSRRIPINLWVNGEHQTISTDKVSTNKKLVTAQEIDTKLRRYLQEEYNIYGFNDTNKGRNYGNKSKFSSGFNAGKILFHLNDGSSFSYDLFDTGTGQAESFLKIYNDNKTVETEKFHLDVEIS	AYADVGVQNLRNYYGSYEFIDLKNQSDKNNPQSHQLEYEVEGKALYSQLSSEHDVKRLKSQKVDIFGIPYTGITQNVEYIYGGITLSNDYLDNARNIPINLWINGQHKTISTDRVSTNKKQVTAQEIDVKLRRYLQEEYNIYGHNKTNKGREYGNESKFNSGFDKGNVIFHLNNGTQFSYDLFYTGHGQPEDFLKVYNDNKTIDSENFHLDVDLS	Gr4/sel28 NCTC 5663
lcl|NC_002745.2_prot_WP_000821658.1_1762	Gr9/sel32	61.574	216	82	1	20	235	25	239	1.86e-96	273	239	243	ATADVGVLNLRNYYGSYPIEDHQSINPENNHLSHQLVFSMDNSTVTAEFKNVDDVKKFKNHAVDVYGLSYSGYCLKNKYIYGGVTLAGDYLEKSRRIPINLWVNGEHQTISTDKVSTNKKLVTAQEIDTKLRRYLQEEYNIYGFNDTNKGRNYGNKSKFSSGFNAGKILFHLNDGSSFSYDLFDTGTGQAESFLKIYNDNKTVETEKFHLDVEISY	AKADAGVLNLRNFYGSYSFEDHKSIDTLNNPLTHELTFNMGNYQLNSEMQNDFDVAKFKGKKVDIFGISYKGVCGTN-YMYGGVTKSDNNLKQKRNIPINLSVNGENKTVVTERISTDKKMVTVQEIDVKLRKYLQDEYNIYGHNKTNKGKQYGTKSKFYSGFDTGTIVFHMNDGNNFSYDLFDYGHGQPEDFLKIYKDNKTIDSEVFHLDVEISF	Gr9/sel32 NZ_AFTU01000025.1
lcl|NC_002745.2_prot_WP_000821658.1_1762	sei	58.369	233	96	1	5	237	9	240	5.32e-96	272	239	243	LIIVVLLFCYSQNHIATADVGVLNLRNYYGSYPIEDHQSINPENNHLSHQLVFSMDNSTVTAEFKNVDDVKKFKNHAVDVYGLSYSGYCLKNKYIYGGVTLAGDYLEKSRRIPINLWVNGEHQTISTDKVSTNKKLVTAQEIDTKLRRYLQEEYNIYGFNDTNKGRNYGNKSKFSSGFNAGKILFHLNDGSSFSYDLFDTGTGQAESFLKIYNDNKTVETEKFHLDVEISYKD	ILVFILLFNIKDLTYAQGDIGVGNLRNFYTKHDYIDLKGVTDKNLPIANQLEFSTGTNDLISESNNWDEISKFKGKKLDIFGIDYNGPC-KSKYMYGGATLSGQYLNSARKIPINLWVNGKHKTISTDKIATNKKLVTAQEIDVKLRRYLQEEYNIYGHNNTGKGKEYGYKSKFYSGFNNGKVLFHLNNEKSFSYDLFYTGDGLPVSFLKIYEDNKIIESEKFHLDVEISYVD	sei AAC26661.1
lcl|NC_002745.2_prot_WP_000821658.1_1762	sek	58.482	224	91	2	15	237	18	240	1.24e-88	254	239	243	SQNHIATADVGVLNLRNYYGSYPIEDHQSINPENNHLSHQLVFSMDNSTVTAEFKNVDDVKKFKNHAVDVYGLSYSGYCLKNKYIYGGVTLAGDYLEKSRRIPINLWVNGEHQTISTDKVSTNKKLVTAQEIDTKLRRYLQEEYNIYGFNDTNKGRNYGNKSKFSSGFNAGKILFHLNDGSSFSYDLFDTG-TGQAESFLKIYNDNKTVETEKFHLDVEISYKD	SNNASAQGDIGIDNLRNFYTKKDFVDLKDVKDNDTPIANQLQFSNESYDLISESKDFNKFSNFKGKKLDVFGISYNGQC-NTKYIYGGVTATNEYLDKSRNIPINIWINGNHKTISTNKVSTNKKLVTAQEIDVKLRKYLQEEYNIYGHNGTKKGEEYGHKSKFYSGFNIGKVTFHLNNNDTFSYDLFYTGDDGLPKSFLKIYEDNKTVESEKFHLDVDISYKE	sek AAC28968.1
lcl|NC_002745.2_prot_WP_000821658.1_1762	sel	54.852	237	102	4	2	234	3	238	1.49e-83	241	239	241	KRIL-IIVVLLFCYSQNH--IATADVGVLNLRNYYGSYPIEDHQSINPENNHLSHQLVFSMDNSTVTAEFKNVDDVKKFKNHAVDVYGLSYSGYCLKNKYIYGGVTLA-GDYLEKSRRIPINLWVNGEHQTISTDKVSTNKKLVTAQEIDTKLRRYLQEEYNIYGFNDTNKGRNYGNKSKFSSGFNAGKILFHLNDGSSFSYDLFDTGTGQAESFLKIYNDNKTVETEKFHLDVEIS	KRLLFVIVITLFIFSSNHTVLSNGDVGTGNLRNFYTKYEYVNLKNVKDKNSPESHRLEYSYKNDTLYAEFDNEYITSDLKGKNVDVFGISYK-YGSNSRTIYGGVTKAENNKLDSPRIIPINLIINGKHQTVTTKSVSTDKKMVTAQEIDVKLRKYLQDEFNIYGHNDTGKGKEYGTSSKFYSGFDKGSVVFHMNDGSNFSYDLFYTGYGLPESFLKIYKDNKTVGSTQFHLDVEIS	sel BAO65763.1
lcl|NC_002745.2_prot_WP_000821658.1_1762	Gr5/sel29p	54.626	227	100	2	10	234	1	226	1.79e-82	238	239	226	LLFCYSQNHIATADVGV--LNLRNYYGSYPIEDHQSINPENNHLSHQLVFSMDNSTVTAEFKNVDDVKKFKNHAVDVYGLSYSGYCLKNKYIYGGVTLAGDYLEKSRRIPINLWVNGEHQTISTDKVSTNKKLVTAQEIDTKLRRYLQEEYNIYGFNDTNKGRNYGNKSKFSSGFNAGKILFHLNDGSSFSYDLFDTGTGQAESFLKIYNDNKTVETEKFHLDVEIS	MFLCIENKVNAYTDPGVGPHNLRNFYVNYKYVDLKAVSDKNTSVANQLEFTEDNYRLISESTDWAQFSKLKGKKVDVFGISHIGHP-NIKYMYGGVTLSDRYLDEPRNIPINLWVKGKHSTISSDKISTNKKTVTAQEIDIKLRRYLQDEYNIYGFNTTGKGKEYGNHSKFNSGFSTGKITFDLNAGNDFAYDLFYTGNGFPETFFKVYEDNKVIETENFHLDVEIS	Gr5/sel29p - fully repaired NCTC 6966
lcl|NC_002745.2_prot_WP_000821658.1_1762	sed	44.099	161	72	4	77	231	105	253	7.45e-37	122	239	259	FKNHAVDVYGLSYSGYCL-----KNKYIYGGVTL-AGDYLEKSRRIPINLWVNGEHQTISTDKVSTNKKLVTAQEIDTKLRRYLQEEYNIYGFNDTNKGRNYGNKSKFSSGFNAGKILFHLNDGSSFSYDLFDTGTGQAESFLKIYNDNKTVETEKFHLDV	FKSKNVDVYPIRYSINCYGGEIDRTACTYGGVTPHEGNKLKERKKIPINLWINGVQKEVSLDKVQTDKKNVTVQELDAQARRYLQKDLKLYN-NDTLGGK-----------IQRGKIEFDSSDGSKVSYDLFDVKGDFPEKQLRIYSDNKTLSTEHLHIDI	sed AAB06195.1
lcl|NC_002745.2_prot_WP_010922839.1_1763	seo	99.615	260	1	0	1	260	2	261	0.0	528	260	262	MKNSKVMLNVLLLILNLIAICSVNNAYANEEDPKIESLCKKSSVDPIALHNINDDYINNRFTTVKSIVSTTEKFLDFDLLFKSINWLDGISAEFKDLKVEFSSSAISKEFLGKTVDIYGVYYKAHCHGEHQVDTACTYGGVTPHENNKLSEPKNIGVAVYKDNVNVNTFIVTTDKKKVTAQELDIKVRTKLNNAYKLYDRMTSDVQKGYIKFHSHSEHKESFYYDLFYIKGNLPDQYLQIYNDNKTIDSSDYHIDVYLFT	IKNSKVMLNVLLLILNLIAICSVNNAYANEEDPKIESLCKKSSVDPIALHNINDDYINNRFTTVKSIVSTTEKFLDFDLLFKSINWLDGISAEFKDLKVEFSSSAISKEFLGKTVDIYGVYYKAHCHGEHQVDTACTYGGVTPHENNKLSEPKNIGVAVYKDNVNVNTFIVTTDKKKVTAQELDIKVRTKLNNAYKLYDRMTSDVQKGYIKFHSHSEHKESFYYDLFYIKGNLPDQYLQIYNDNKTIDSSDYHIDVYLFT	seo AAG36951.1
lcl|NC_002745.2_prot_WP_010922839.1_1763	ses	44.106	263	137	5	1	260	1	256	3.72e-67	200	260	258	MKNSKVMLNVLLLILNLIAICSVNNAY--ANEEDPKIESLCKKSSVDPIALHNINDDYI-NNRFTTVKSIVSTTEKFLDFDLLFKSINWLDGISAEFKDLKVEFSSSAISKEFLGKTVDIYGVYYKAHCHGEHQVDTACTYGGVTPHENNKLSEPKNIGVAVYKDNVNVNTFIVTTDKKKVTAQELDIKVRTKLNNAYKLYDRMTSDVQKGYIKFHSHSEHKESFYYDLFYIKGNLPDQYLQIYNDNKTIDSSDYHIDVYLFT	MNYSKITVTLIIILLCTFSFEFSFNRFVQADESRPKIESLKKKSELDSTALYNIKTSYSQDNIILDIKNKTNSTQ-LLSNDLIFDDITLKE---WNKNSLKTEFNSSEIANHFKGKKVDIFGIYYGANCIGEVSKRTGCIYGGITLHEEEKIDQKNSIGVNVFKDGSQQKGFMITTDKKEPTIQELDLKTRKVIQNQYKIYNSETGNIQKGYMEFHSNS---SSFYYDLFNFKGKYSVDFLKFYNDNKTINSSNLHIDVYLYS	ses BAG06667.1
lcl|NC_002745.2_prot_WP_010922839.1_1763	sen	41.923	260	146	3	1	259	1	256	3.06e-60	182	260	259	MKNSKVMLNVLLLILNLIAI-CSVNNAYANEEDPKIESLCKKSSVDPIALHNINDDYINNRFTTVKSIVSTTEKFLDFDLLFKSINWLDGISAEFKDLKVEFSSSAISKEFLGKTVDIYGVYYKAHCHGEHQVDTACTYGGVTPHENNKLSEPKNIGVAVYKDNVNVNTFIVTTDKKKVTAQELDIKVRTKLNNAYKLYDRMTSDVQKGYIKFHSHSEHKESFYYDLFYIKGNLPDQYLQIYNDNKTIDSSDYHIDVYLF	IKNIKKLMRLFYIAAIIITLLCLINNNYVNAE-VDKKDLKKKSDLDSSKLFNLTSYYTDITWQLDESNKISTDQLLNNTIILKNI---DISVLKTSSLKVEFNSSDLANQFKGKNIDIYGLYFGNKCVGLTEEKTSCLYGGVTIHDGNQLDEEKVIGVNVFKDGVQQEGFVIKTKKAKVTVQELDTKVRFKLENLYKIYNKDTGNIQKGCIFFHSHNHQDQSFYYDLYNVKGSVGAEFFQFYSDNRTVSSSNYHIDVFLY	sen AAG36956.1
lcl|NC_002745.2_prot_WP_010922839.1_1763	Gr8/sel31	39.216	255	148	3	6	260	8	255	1.31e-56	173	260	256	VMLNVLLLILNLIAICSVNNAYANEEDPKIESLCKKSSVDPIALHNINDDYINNRFTTVKSIVSTTEKFLDFDLLFKSINWLDGISAEFKDLKVEFSSSAISKEFLGKTVDIYGVYYKAHCHGEHQVDTACTYGGVTPHENNKLSEPKNIGVAVYKDNVNVNTFIVTTDKKKVTAQELDIKVRTKLNNAYKLYDRMTSDVQKGYIKFHSHSEHKESFYYDLFYIKGNLPDQYLQIYNDNKTIDSSDYHIDVYLFT	IVLVVLFFVL-YVLISPNSNAISNSVP---STLHNKSELDTTQLYNLSNFYKSAEWHTDIHNKVNKNQLLATDLIFGDIHQSSLMTNA---LKVEFQNSALASQFKDKKVDIYGISFANNCIGLVGDKTSCMYGGITIHDNNQLEGEKNIGINVFKDGSKHETFTIATKKKMVTLQELDIKTRNKLEQSFNIYNKDKGDIKKGYINYHPHNQNDNNYYYDLYDFKGKLSEQFFRFYNDNIIVPSSAYHIDVYLFS	Gr8/sel31 NZ_AFTU01000025.1
lcl|NC_002745.2_prot_WP_010922839.1_1763	Gr10/sel33	39.300	257	136	4	12	259	3	248	7.80e-56	171	260	250	LLILNLIAICSVNNAYANEEDPKIESLCKKSSVDPIALHNINDDYINNRFTTVKSIVSTTEKFLDFDLLFKSINWLDGISAEFKDLKVEFSSSAISKEFLGKTVDIYGVYYKAHCH---------GEHQVDTACTYGGVTPHENNKLSEPKNIGVAVYKDNVNVNTFIVTTDKKKVTAQELDIKVRTKLNNAYKLYDRMTSDVQKGYIKFHSHSEHKESFYYDLFYIKGNLPDQYLQIYNDNKTIDSSDYHIDVYLF	LFAFIFICVKSCSLLFMLNGNPKPEQLNKASEFTGLM---DNMRYLYDDKHVSETNIKSQEKFLQHDLLFK-------ISGS-KILKTEFNNKSLSDKYKNKNVDLFGTNYYNQCYFSSDNMELNDGRLIEKTCMYGGVTEHDGNQLDEEKVIGVNVFKDGVQQEGFVIKTKKAKVTVQELDTKVRFKLENLYKIYNKDTGNIQKGCIFFHSHNHQDQSFYYDLYNVKGSVGAEFFQFYSDNRTVSSSNYHIDVFLY	Gr10/sel33 NZ_FGMI01000018.1
lcl|NC_002745.2_prot_WP_010922839.1_1763	selj	42.857	238	124	6	28	260	26	256	1.47e-51	160	260	269	ANEEDPKIESLCKKSSVDPIALHNINDDYINNRFTTVKSIVSTTEKFLDFDLLFKSINWLDGIS-AEFKDLKVEFSSSAISKEFLGKTVDIYGVYYKAHCHGEHQVDTACTYGGVTPHENNKLSEPKNIGVAVYKDNVN--VNTFIVTTDKKKVTAQELDIKVRTKLNNAYKLYDRMT--SDVQKGYIKFHSHSEHKESFYYDLFYIKGNLPDQYLQIYNDNKTIDSSDYHIDVYLFT	SKNETIKEKNLHKKSELSSITLNNLRHIYFFNE-KGISEKIMTEDQFLDYTLLFKSF----FISHSQYNDLLVQFDSKETVNKFKGKQVDLYGSYYGFQCSGGKPNKTACMYGGVTLHENNQLYDTKKIPINLWIDSIRTVVPLDIVKTNKKKVTIQELDLQARYYLHKQYNLYNPSTFGGKIQKGLIVFHTSKEPLVS--YDLFNVIGQYPDKLLKIYQDNKIIESENMHIDIYLYT	selj BAC97796.1
lcl|NC_002745.2_prot_WP_010922839.1_1763	Gr6/sel30	40.637	251	134	7	17	260	7	249	2.48e-50	157	260	250	LIAICSVNNAYANEEDPKIESLCKKSSVDPIALHNINDDYINNRFTTVKSIVS-TTEKFLDFDLLFKSINWLDGISAE--FKDLKVEFSSSAISKEFLGKTVDIYGVYYKAHCHGEHQVDTACTYGGVTPHENNKLSEPKNIGVAVYKDNVNVNTFI--VTTDKKKVTAQELDIKVRTKLNNAYKLY--DRMTSDVQKGYIKFHSHSEHKESFYYDLFYIKGNLPDQYLQIYNDNKTIDSSDYHIDVYLFT	IVLLLSVSQIKDNTFQTSSEDLHHKSELSSLALNNMRHNYFH-RWPPVKGENKITNDQFLANTLLFK-----DFLTNHQYYNDLLVQFNSKETTDKFKAKTVDIYGLAYGFQCNGGEPNKTNCIYGGLTTHEDNKLDKPKNVPINLWIDGAQKRVSLDKVKTDKKTVTIQELDAQARYFLQGEYLLYHNDSFGGKIQKGFIEFHDANGFEVS--YDLFDVKGDYPDTQLRIYNDNKTISSKNLHIDIYLFT	Gr6/sel30 NCTC 6135
lcl|NC_002745.2_prot_WP_010922839.1_1763	Gr7/ses-2p	40.756	238	120	3	28	259	18	240	7.87e-50	155	260	242	ANEEDPKIESLCKKSSVDPIALHNINDDYINNRFTTVKSIVSTTEKFLDFDLLFKSINWLDGI------SAEFKDLKVEFSSSAISKEFLGKTVDIYGVYYKAHCHGEHQVDTACTYGGVTPHENNKLSEPKNIGVAVYKDNVNVNTFIVTTDKKKVTAQELDIKVRTKLNNAYKLYDRMTSDVQKGYIKFHSHSEHKESFYYDLFYIKGNLPDQYLQIYNDNKTIDSSDYHIDVYLF	ASTYTPKGETLKNKSDLDLTAIYNI------------KSVYSXKVNFLNFKDKIKIKQLLNXIFNVIIKXLKXKXSKTELNSSEIANTFKGKMXDIFGVHFGANCVGEVGENSACLYGGXXHFTKKXKTTKKSIGINVFKNGFQQKGFVITTDKIKPIAQELDLNTRNNIQNQYKMYDSETGDIQKGYIKFHS---TKSSFYYDLFDFKGKKRVDFLKFYNDNELISTKNLHIDIYLF	Gr7/ses-2p - partially repaired NCTC 5657
lcl|NC_002745.2_prot_WP_010922839.1_1763	Gr12/ses-3p	42.174	230	118	5	33	259	20	237	9.08e-49	152	260	239	PKIESLCKKSSVDPIALHNINDDYINN-RFTTVKSIVSTTEKFLD-FDLLFKSINWLDGISAEFKD-LKVEFSSSAISKEFLGKTVDIYGVYYKAHCHGEHQVDTACTYGGVTPHENNKLSEPKNIGVAVYKDNVNVNTFIVTTDKKKVTAQELDIKVRTKLNNAYKLYDRMTSDVQKGYIKFHSHSEHKESFYYDLFYIKGNLPDQYLQIYNDNKTIDSSDYHIDVYLF	PKAETLKNKSDLDLTALYNIKPVYSXKVNFLNFKDKIKTKQLLYXLFNVIIK*LN---------KDSLKKELNSSEIANTFKGKMXDIFGVHFGANCVGEAGENSACLYGGXXHFTKK*KTTKKSIGINVFKNGFQQKGFVITTAKIKPTAQELDLKTRNNIQNQYKMYDSETGDIQKGYIKFHS---TKSSFYYDLFDFKVKKRVDFLKFYNDNELISTKKLHIDIYLF	Gr12/ses-3p - partially repaired NC_003923.1
lcl|NC_002745.2_prot_WP_010922839.1_1763	sed	39.382	259	144	8	8	259	4	256	1.59e-48	152	260	259	LNVLLLILNLIA-ICSVNNAYANE--EDPKIESLCKKSSVDPIALHNINDDYINNRFTTVKSIVSTTEKFLDFDLLFKSINWLDGISAEFKDLKVEFSSSAISKEFLGKTVDIYGVYYKAHCHGEHQVDTACTYGGVTPHENNKLSEPKNIGVAVYKDNVN--VNTFIVTTDKKKVTAQELDIKVRTKLNNAYKLY--DRMTSDVQKGYIKFHSHSEHKESFYYDLFYIKGNLPDQYLQIYNDNKTIDSSDYHIDVYLF	FNILIALLFFTSLVISPLNVKANENIDSVKEKELHKKSELSSTALNNMKHSYAD-KNPIIGENKSTGDQFLENTLLYKKF-FTDLIN--FEDLLINFNSKEMAQHFKSKNVDVYPIRYSINCYGGEIDRTACTYGGVTPHEGNKLKERKKIPINLWINGVQKEVSLDKVQTDKKNVTVQELDAQARRYLQKDLKLYNNDTLGGKIQRGKIEFDSSDGSKVS--YDLFDVKGDFPEKQLRIYSDNKTLSTEHLHIDIYLY	sed AAB06195.1
lcl|NC_002745.2_prot_WP_000034846.1_1893	sep	99.615	260	1	0	1	260	1	260	0.0	535	260	261	MSKIKKTTFILLSFIALTLITSPFVNCSEKSEEINGKDLQKKSELQGTALSNLRQTYYHNGSAIIENKESNDQFLKNTILFNDFFTGHQWYNDLLVDLGSKDTANIYKGKKVDLYGVYYGYQCTGGTPFKTACMYGGVTLHDNNQLEEEKKVPINLWIDGKQNTVPLGTVKTNKKEVTVQELDLQSRHYLHETYNLYNTDAFNGKIQRGLIEFHPSSGDSVGYDLFGAQGQYPDTQLRIYRDNKTIKSKNMHIDIYLYTT	VSKIKKTTFILLSFIALTLITSPFVNCSEKSEEINGKDLQKKSELQGTALSNLRQTYYHNGSAIIENKESNDQFLKNTILFNDFFTGHQWYNDLLVDLGSKDTANIYKGKKVDLYGVYYGYQCTGGTPFKTACMYGGVTLHDNNQLEEEKKVPINLWIDGKQNTVPLGTVKTNKKEVTVQELDLQSRHYLHETYNLYNTDAFNGKIQRGLIEFHPSSGDSVGYDLFGAQGQYPDTQLRIYRDNKTIKSKNMHIDIYLYTT	sep BAB43036.1
lcl|NC_002745.2_prot_WP_000034846.1_1893	see	78.599	257	55	0	4	260	1	257	7.97e-153	418	260	258	IKKTTFILLSFIALTLITSPFVNCSEKSEEINGKDLQKKSELQGTALSNLRQTYYHNGSAIIENKESNDQFLKNTILFNDFFTGHQWYNDLLVDLGSKDTANIYKGKKVDLYGVYYGYQCTGGTPFKTACMYGGVTLHDNNQLEEEKKVPINLWIDGKQNTVPLGTVKTNKKEVTVQELDLQSRHYLHETYNLYNTDAFNGKIQRGLIEFHPSSGDSVGYDLFGAQGQYPDTQLRIYRDNKTIKSKNMHIDIYLYTT	MKKTAFILLLFIALTLTTSPLVNGSEKSEEINEKDLRKKSELQRNALSNLRQIYYYNEKAITENKESDDQFLENTLLFKGFFTGHPWYNDLLVDLGSKDATNKYKGKKVDLYGAYYGYQCAGGTPNKTACMYGGVTLHDNNRLTEEKKVPINLWIDGKQTTVPIDKVKTSKKEVTVQELDLQARHYLHGKFGLYNSDSFGGKVQRGLIVFHSSEGSTVSYDLFDAQGQYPDTLLRIYRDNKTINSENLHIDLYLYTT	see AAA26617.1
lcl|NC_002745.2_prot_WP_000034846.1_1893	sea	77.432	257	58	0	4	260	1	257	3.30e-148	406	260	258	IKKTTFILLSFIALTLITSPFVNCSEKSEEINGKDLQKKSELQGTALSNLRQTYYHNGSAIIENKESNDQFLKNTILFNDFFTGHQWYNDLLVDLGSKDTANIYKGKKVDLYGVYYGYQCTGGTPFKTACMYGGVTLHDNNQLEEEKKVPINLWIDGKQNTVPLGTVKTNKKEVTVQELDLQSRHYLHETYNLYNTDAFNGKIQRGLIEFHPSSGDSVGYDLFGAQGQYPDTQLRIYRDNKTIKSKNMHIDIYLYTT	MKKTAFTLLLFIALTLTTSPLVNGSEKSEEINEKDLRKKSELQGTALGNLKQIYYYNEKAKTENKESHDQFLQHTILFKGFFTDHSWYNDLLVDFDSKDIVDKYKGKKVDLYGAYYGYQCAGGTPNKTACMYGGVTLHDNNRLTEEKKVPINLWLDGKQNTVPLETVKTNKKNVTVQELDLQARRYLQEKYNLYNSDVFDGKVQRGLIVFHTSTEPSVNYDLFGAQGQYSNTLLRIYRDNKTINSENMHIDIYLYTS	sea AAA26681.1
lcl|NC_002745.2_prot_WP_000034846.1_1893	selj	59.922	257	103	0	4	260	1	257	4.11e-107	302	260	269	IKKTTFILLSFIALTLITSPFVNCSEKSEEINGKDLQKKSELQGTALSNLRQTYYHNGSAIIENKESNDQFLKNTILFNDFFTGHQWYNDLLVDLGSKDTANIYKGKKVDLYGVYYGYQCTGGTPFKTACMYGGVTLHDNNQLEEEKKVPINLWIDGKQNTVPLGTVKTNKKEVTVQELDLQSRHYLHETYNLYNTDAFNGKIQRGLIEFHPSSGDSVGYDLFGAQGQYPDTQLRIYRDNKTIKSKNMHIDIYLYTT	MKKRIFILIFSLTLTLLITPLVYSDSKNETIKEKNLHKKSELSSITLNNLRHIYFFNEKGISEKIMTEDQFLDYTLLFKSFFISHSQYNDLLVQFDSKETVNKFKGKQVDLYGSYYGFQCSGGKPNKTACMYGGVTLHENNQLYDTKKIPINLWIDSIRTVVPLDIVKTNKKKVTIQELDLQARYYLHKQYNLYNPSTFGGKIQKGLIVFHTSKEPLVSYDLFNVIGQYPDKLLKIYQDNKIIESENMHIDIYLYTS	selj BAC97796.1
lcl|NC_002745.2_prot_WP_000034846.1_1893	Gr6/sel30	58.333	228	94	1	33	259	22	249	2.47e-98	280	260	250	EINGKDLQKKSELQGTALSNLRQTYYHNGSAII-ENKESNDQFLKNTILFNDFFTGHQWYNDLLVDLGSKDTANIYKGKKVDLYGVYYGYQCTGGTPFKTACMYGGVTLHDNNQLEEEKKVPINLWIDGKQNTVPLGTVKTNKKEVTVQELDLQSRHYLHETYNLYNTDAFNGKIQRGLIEFHPSSGDSVGYDLFGAQGQYPDTQLRIYRDNKTIKSKNMHIDIYLYT	QTSSEDLHHKSELSSLALNNMRHNYFHRWPPVKGENKITNDQFLANTLLFKDFLTNHQYYNDLLVQFNSKETTDKFKAKTVDIYGLAYGFQCNGGEPNKTNCIYGGLTTHEDNKLDKPKNVPINLWIDGAQKRVSLDKVKTDKKTVTIQELDAQARYFLQGEYLLYHNDSFGGKIQKGFIEFHDANGFEVSYDLFDVKGDYPDTQLRIYNDNKTISSKNLHIDIYLFT	Gr6/sel30 NCTC 6135
lcl|NC_002745.2_prot_WP_000034846.1_1893	sed	50.199	251	123	2	10	258	6	256	5.61e-87	251	260	259	ILLSFIALT-LITSPF-VNCSEKSEEINGKDLQKKSELQGTALSNLRQTYYHNGSAIIENKESNDQFLKNTILFNDFFTGHQWYNDLLVDLGSKDTANIYKGKKVDLYGVYYGYQCTGGTPFKTACMYGGVTLHDNNQLEEEKKVPINLWIDGKQNTVPLGTVKTNKKEVTVQELDLQSRHYLHETYNLYNTDAFNGKIQRGLIEFHPSSGDSVGYDLFGAQGQYPDTQLRIYRDNKTIKSKNMHIDIYLY	ILIALLFFTSLVISPLNVKANENIDSVKEKELHKKSELSSTALNNMKHSYADKNPIIGENKSTGDQFLENTLLYKKFFTDLINFEDLLINFNSKEMAQHFKSKNVDVYPIRYSINCYGGEIDRTACTYGGVTPHEGNKLKERKKIPINLWINGVQKEVSLDKVQTDKKNVTVQELDAQARRYLQKDLKLYNNDTLGGKIQRGKIEFDSSDGSKVSYDLFDVKGDFPEKQLRIYSDNKTLSTEHLHIDIYLY	sed AAB06195.1
lcl|NC_002745.2_prot_WP_000034846.1_1893	ses	40.230	261	145	8	2	259	4	256	6.76e-60	182	260	258	SKIKKT-TFILLSFIALTLITSPFVNCSEKSEEINGKDLQKKSELQGTALSNLRQTYYHNGSAI-IENKESNDQFLKNTILFNDFFTGHQW-YNDLLVDLGSKDTANIYKGKKVDLYGVYYGYQCTGGTPFKTACMYGGVTLHDNNQLEEEKKVPINLWIDGKQNTVPLGTVKTNKKEVTVQELDLQSRHYLHETYNLYNTDAFNGKIQRGLIEFHPSSGDSVGYDLFGAQGQYPDTQLRIYRDNKTIKSKNMHIDIYLYT	SKITVTLIIILLCTFSFEFSFNRFVQADESRPKI--ESLKKKSELDSTALYNIKTSYSQDNIILDIKNKTNSTQLLSNDLIFDDI-TLKEWNKNSLKTEFNSSEIANHFKGKKVDIFGIYYGANCIGEVSKRTGCIYGGITLHEEEKIDQKNSIGVNVFKDGSQQKGFM--ITTDKKEPTIQELDLKTRKVIQNQYKIYNSET--GNIQKGYMEFHSNSS-SFYYDLFNFKGKYSVDFLKFYNDNKTINSSNLHIDVYLYS	ses BAG06667.1
lcl|NC_002745.2_prot_WP_000034846.1_1893	Gr1/sel26	38.400	250	146	3	11	260	9	250	3.71e-58	177	260	250	LLSFIALTLITSPFVNCSEKSEEINGKDLQKKSELQGTALSNLRQTYYHNGSAIIENKESNDQFLKNTILFNDFFTGHQWYNDLLVDLGSKDTANIYKGKKVDLYGVYYGYQCTGGTPFKTACMYGGVTLHDNNQLEEEKKVPINLWIDGKQNTVPLGTVKTNKKEVTVQELDLQSRHYLHETYNLYNTDAFNGKIQRGLIEFHPSSGDSVGYDLFGAQGQYPDTQLRIYRDNKTIKSKNMHIDIYLYTT	LTGFILILLLEGIFTNSASA---IEYSDLHHKSKLNSKRLYNAKVSFAN--PTDLENKKTNDRLLKHDLLFHDMFVNDDWKKEFKVEFENEALSKKFINKDIDIFAGNYGYGCHGGATNKTQCSYGGVTLSDNNKYDDYKNIPCNLWIDGHQTEIELTAVKTKKKIVTIQELEVQLRNYLNEKYKLYEQ---GGDIVKGYVKYYNDDEQNVEYDFYNLNGEYGREVLKMYADNKTINSDKLHLDIYLFKS	Gr1/sel26 NCTC 6134
lcl|NC_002745.2_prot_WP_000034846.1_1893	Gr8/sel31	36.226	265	153	6	1	259	1	255	1.59e-50	157	260	256	MSKIKKTTFILLSFIALTLITSPFVNCSEKSEEINGKDLQKKSELQGTALSNLRQTY----YHNGSAIIENKESNDQFLKNTILFNDFFTGHQWYNDLLVDLGSKDTANIYKGKKVDLYGVYYGYQCTGGTPFKTACMYGGVTLHDNNQLEEEKKVPINLWIDGKQNTVPLGTVKTNKKEVTVQELDLQSRHYLHETYNLYNTDAFNGKIQRGLIEFHP--SSGDSVGYDLFGAQGQYPDTQLRIYRDNKTIKSKNMHIDIYLYT	MFILKRPIVLVVLFFVLYVLISPNSNAISNSVP---STLHNKSELDTTQLYNLSNFYKSAEWHTD---IHNKVNKNQLLATDLIFGDIHQSSLMTNALKVEFQNSALASQFKDKKVDIYGISFANNCIGLVGDKTSCMYGGITIHDNNQLEGEKNIGINVFKDGSKHET--FTIATKKKMVTLQELDIKTRNKLEQSFNIYNKDK--GDIKKGYINYHPHNQNDNNYYYDLYDFKGKLSEQFFRFYNDNIIVPSSAYHIDVYLFS	Gr8/sel31 NZ_AFTU01000025.1
lcl|NC_002745.2_prot_WP_000034846.1_1893	sen	43.814	194	103	3	67	258	67	256	3.17e-49	154	260	259	NKESNDQFLKNTILFNDFFTGHQWYNDLLVDLGSKDTANIYKGKKVDLYGVYYGYQCTGGTPFKTACMYGGVTLHDNNQLEEEKKVPINLWIDGKQNTVPLGTVKTNKKEVTVQELDLQSRHYLHETYNLYNTDAFNGKIQRGLIEFHPSS--GDSVGYDLFGAQGQYPDTQLRIYRDNKTIKSKNMHIDIYLY	NKISTDQLLNNTIILKNIDISVLKTSSLKVEFNSSDLANQFKGKNIDIYGLYFGNKCVGLTEEKTSCLYGGVTIHDGNQLDEEKVIGVNVFKDGVQQEGFV--IKTKKAKVTVQELDTKVRFKLENLYKIYNKDT--GNIQKGCIFFHSHNHQDQSFYYDLYNVKGSVGAEFFQFYSDNRTVSSSNYHIDVFLY	sen AAG36956.1
lcl|NC_002745.2_prot_WP_000746599.1_1956	sel	99.167	240	2	0	1	240	1	240	2.31e-176	476	240	241	MKKRLLFVIVITLFIFSSNHTVLSNGDVGPGNLRNFYTKYEYVNLKNVKDKNSPESHRLEYSYKNDTLYAEFDNEYITSDLKGKNVDVFGISYKYGSNSRTIYGGVTKAENNKLDSPRIIPINLIINGKHQTVTTKSVSTDKKMVTAQEIDVKLRKYLQDEFNIYGHNDTGKGKEYGTSSKFYSGFDKGSVVFHMNDGSNFSYDLFYTGYGLPESFLKIYKDNKTVDSTQFHLDVEISKR	MKKRLLFVIVITLFIFSSNHTVLSNGDVGTGNLRNFYTKYEYVNLKNVKDKNSPESHRLEYSYKNDTLYAEFDNEYITSDLKGKNVDVFGISYKYGSNSRTIYGGVTKAENNKLDSPRIIPINLIINGKHQTVTTKSVSTDKKMVTAQEIDVKLRKYLQDEFNIYGHNDTGKGKEYGTSSKFYSGFDKGSVVFHMNDGSNFSYDLFYTGYGLPESFLKIYKDNKTVGSTQFHLDVEISKR	sel BAO65763.1
lcl|NC_002745.2_prot_WP_000746599.1_1956	Gr4/sel28	59.813	214	84	2	26	238	10	222	1.32e-92	263	240	227	GDVGPGNLRNFYTKYEYVNLKNVKDKNSPESHRLEYSYKNDTLYAEFDNEYITSDLKGKNVDVFGISYK-YGSNSRTIYGGVTKAENNKLDSPRIIPINLIINGKHQTVTTKSVSTDKKMVTAQEIDVKLRKYLQDEFNIYGHNDTGKGKEYGTSSKFYSGFDKGSVVFHMNDGSNFSYDLFYTGYGLPESFLKIYKDNKTVDSTQFHLDVEIS	ADVGVQNLRNYYGSYEFIDLKNQSDKNNPQSHQLEYEVEGKALYSQLSSEHDVKRLKSQKVDIFGIPYTGITQNVEYIYGGITLS-NDYLDNARNIPINLWINGQHKTISTDRVSTNKKQVTAQEIDVKLRRYLQEEYNIYGHNKTNKGREYGNESKFNSGFDKGNVIFHLNNGTQFSYDLFYTGHGQPEDFLKVYNDNKTIDSENFHLDVDLS	Gr4/sel28 NCTC 5663
lcl|NC_002745.2_prot_WP_000746599.1_1956	sei	55.882	238	104	1	1	238	1	237	2.04e-92	263	240	243	MKKRLLFVIVITLFIFSSNHTVLSNGDVGPGNLRNFYTKYEYVNLKNVKDKNSPESHRLEYSYKNDTLYAEFDNEYITSDLKGKNVDVFGISYKYGSNSRTIYGGVTKAENNKLDSPRIIPINLIINGKHQTVTTKSVSTDKKMVTAQEIDVKLRKYLQDEFNIYGHNDTGKGKEYGTSSKFYSGFDKGSVVFHMNDGSNFSYDLFYTGYGLPESFLKIYKDNKTVDSTQFHLDVEIS	MKKFKYSFILVFILLFNIKDLTYAQGDIGVGNLRNFYTKHDYIDLKGVTDKNLPIANQLEFSTGTNDLISESNNWDEISKFKGKKLDIFGIDYNGPCKSKYMYGGAT-LSGQYLNSARKIPINLWVNGKHKTISTDKIATNKKLVTAQEIDVKLRRYLQEEYNIYGHNNTGKGKEYGYKSKFYSGFNNGKVLFHLNNEKSFSYDLFYTGDGLPVSFLKIYEDNKIIESEKFHLDVEIS	sei AAC26661.1
lcl|NC_002745.2_prot_WP_000746599.1_1956	Gr9/sel32	60.930	215	83	1	24	238	25	238	5.71e-90	257	240	243	SNGDVGPGNLRNFYTKYEYVNLKNVKDKNSPESHRLEYSYKNDTLYAEFDNEYITSDLKGKNVDVFGISYKYGSNSRTIYGGVTKAENNKLDSPRIIPINLIINGKHQTVTTKSVSTDKKMVTAQEIDVKLRKYLQDEFNIYGHNDTGKGKEYGTSSKFYSGFDKGSVVFHMNDGSNFSYDLFYTGYGLPESFLKIYKDNKTVDSTQFHLDVEIS	AKADAGVLNLRNFYGSYSFEDHKSIDTLNNPLTHELTFNMGNYQLNSEMQNDFDVAKFKGKKVDIFGISYKGVCGTNYMYGGVTKSDNN-LKQKRNIPINLSVNGENKTVVTERISTDKKMVTVQEIDVKLRKYLQDEYNIYGHNKTNKGKQYGTKSKFYSGFDTGTIVFHMNDGNNFSYDLFDYGHGQPEDFLKIYKDNKTIDSEVFHLDVEIS	Gr9/sel32 NZ_AFTU01000025.1
lcl|NC_002745.2_prot_WP_000746599.1_1956	selv	56.118	237	99	4	3	238	2	234	3.74e-88	252	240	240	KRLLFVIVITLFIFSSNHTVLSNGDVGPGNLRNFYTKYEYVNLKNVKDKNSPESHRLEYSYKNDTLYAEFDNEYITSDLKGKNVDVFGISYK-YGSNSRTIYGGVTKAENNKLDSPRIIPINLIINGKHQTVTTKSVSTDKKMVTAQEIDVKLRKYLQDEFNIYGHNDTGKGKEYGTSSKFYSGFDKGSVVFHMNDGSNFSYDLFYTGYGLPESFLKIYKDNKTVDSTQFHLDVEIS	KRIL-IIVVLLFCYSQNH--IATADVGVLNLRNYYGSYPIEDHQSINPENNHLSHQLVFSMDNSSITAEFKNVDDVKKFKNHAVDVYGLSYSGYCLKNKYIYGGVTLA-GDYLEKSRCIPINLWVNGEHQTISTDKVSTNKKLVTAQEIDVKLRRYLQEEYNIYGHNNTGKGKEYGYKSKFYSGFNNGKVLFHLNNEKSFSYDLFYTGDGLPVSFLKIYEDNKIIESEKFHLDVEIS	selv EF030427.1
lcl|NC_002745.2_prot_WP_000746599.1_1956	sek	60.648	216	83	2	24	238	23	237	1.37e-86	248	240	243	SNGDVGPGNLRNFYTKYEYVNLKNVKDKNSPESHRLEYSYKNDTLYAEFDNEYITSDLKGKNVDVFGISYKYGSNSRTIYGGVTKAENNKLDSPRIIPINLIINGKHQTVTTKSVSTDKKMVTAQEIDVKLRKYLQDEFNIYGHNDTGKGKEYGTSSKFYSGFDKGSVVFHMNDGSNFSYDLFYTG-YGLPESFLKIYKDNKTVDSTQFHLDVEIS	AQGDIGIDNLRNFYTKKDFVDLKDVKDNDTPIANQLQFSNESYDLISESKDFNKFSNFKGKKLDVFGISYNGQCNTKYIYGGVT-ATNEYLDKSRNIPINIWINGNHKTISTNKVSTNKKLVTAQEIDVKLRKYLQEEYNIYGHNGTKKGEEYGHKSKFYSGFNIGKVTFHLNNNDTFSYDLFYTGDDGLPKSFLKIYEDNKTVESEKFHLDVDIS	sek AAC28968.1
lcl|NC_002745.2_prot_WP_000746599.1_1956	seq	55.462	238	100	3	4	238	17	251	9.43e-86	247	240	257	RLLFVIVITLFIFS---SNHTVLSNGDVGPGNLRNFYTKYEYVNLKNVKDKNSPESHRLEYSYKNDTLYAEFDNEYITSDLKGKNVDVFGISYKYGSNSRTIYGGVTKAENNKLDSPRIIPINLIINGKHQTVTTKSVSTDKKMVTAQEIDVKLRKYLQDEFNIYGHNDTGKGKEYGTSSKFYSGFDKGSVVFHMNDGSNFSYDLFYTGYGLPESFLKIYKDNKTVDSTQFHLDVEIS	KIFRILTVSLFFFTFLIKNN--LAYADVGVINLRNFYANYEPEKLQGVSSGNFSTSHQLEYIDGKYTLYSQFHNEYEAKRLKDHKVDIFGISYSGLCNTKYMYGGITLANQN-LDKPRNIPINLWVNGKQNTISTDKVSTQKKEVTAQEIDIKLRKYLQNEYNIYGFNKTKKGQEYGYQSKFNSGFNKGKITFHLNNEPSFTYDLFYTGTGQAESFLKIYNDNKTIDAENFHLDVEIS	seq AAL67620.1
lcl|NC_002745.2_prot_WP_000746599.1_1956	Gr5/sel29p	57.346	211	89	1	28	238	17	226	1.04e-82	238	240	226	VGPGNLRNFYTKYEYVNLKNVKDKNSPESHRLEYSYKNDTLYAEFDNEYITSDLKGKNVDVFGISYKYGSNSRTIYGGVTKAENNKLDSPRIIPINLIINGKHQTVTTKSVSTDKKMVTAQEIDVKLRKYLQDEFNIYGHNDTGKGKEYGTSSKFYSGFDKGSVVFHMNDGSNFSYDLFYTGYGLPESFLKIYKDNKTVDSTQFHLDVEIS	VGPHNLRNFYVNYKYVDLKAVSDKNTSVANQLEFTEDNYRLISESTDWAQFSKLKGKKVDVFGISHIGHPNIKYMYGGVTLSDR-YLDEPRNIPINLWVKGKHSTISSDKISTNKKTVTAQEIDIKLRRYLQDEYNIYGFNTTGKGKEYGNHSKFNSGFSTGKITFDLNAGNDFAYDLFYTGNGFPETFFKVYEDNKVIETENFHLDVEIS	Gr5/sel29p - fully repaired NCTC 6966
lcl|NC_002745.2_prot_WP_000746599.1_1956	sem	54.008	237	104	4	3	238	2	234	1.31e-82	238	240	240	KRLLFVIVITLFIFSSNHTVLSNGDVGPGNLRNFYTKYEYVNLKNVKDKNSPESHRLEYSYKNDTLYAEFDNEYITSDLKGKNVDVFGISYK-YGSNSRTIYGGVTKAENNKLDSPRIIPINLIINGKHQTVTTKSVSTDKKMVTAQEIDVKLRKYLQDEFNIYGHNDTGKGKEYGTSSKFYSGFDKGSVVFHMNDGSNFSYDLFYTGYGLPESFLKIYKDNKTVDSTQFHLDVEIS	KRIL-IIVVLLFCYSQNH--IATADVGVLNLRNYYGSYPIEDHQNINPDNNRLSHQLVFSKDNSTVTAEFKNVEDVKKFKNRAVDVYGLSYSGYCLKNKYMYGGVTLA-GDYLEKSRCIPINLWVNGNLKTISTDKVSTNKKIVTAQEIDTKLRRYLQEEYNIYGFNDTNKGRNYGTKSKFFSGFNTGKISFHLNDGTSFSYDLFDTGTGQAESFLKIYNDNKTVETDKFHLDVEIS	sem ABQ42204.1
lcl|NC_002745.2_prot_WP_000746599.1_1956	Gr6/sel30	39.779	181	90	4	61	235	78	245	7.61e-38	124	240	250	YSYKNDTLYAEFDNEYITSDLKGKNVDVFGISYKYGSN------SRTIYGGVTKAENNKLDSPRIIPINLIINGKHQTVTTKSVSTDKKMVTAQEIDVKLRKYLQDEFNIYGHNDTGKGKEYGTSSKFYSGFDKGSVVFHMNDGSNFSYDLFYTGYGLPESFLKIYKDNKTVDSTQFHLDV	HQYYNDLL-VQFNSKETTDKFKAKTVDIYGLAYGFQCNGGEPNKTNCIYGGLTTHEDNKLDKPKNVPINLWIDGAQKRVSLDKVKTDKKTVTIQELDAQARYFLQGEYLLY-HNDSFGGK-----------IQKGFIEFHDANGFEVSYDLFDVKGDYPDTQLRIYNDNKTISSKNLHIDI	Gr6/sel30 NCTC 6135
lcl|NC_002745.2_prot_WP_000278088.1_1957	sec3	100.000	266	0	0	1	266	1	266	0.0	544	266	267	MYKRLFISRVILIFALILVISTPNVLAESQPDPMPDDLHKSSEFTGTMGNMKYLYDDHYVSATKVKSVDKFLAHDLIYNISDKKLKNYDKVKTELLNEDLAKKYKDEVVDVYGSNYYVNCYFSSKDNVGKVTGGKTCMYGGITKHEGNHFDNGNLQNVLVRVYENKRNTISFEVQTDKKSVTAQELDIKARNFLINKKNLYEFNSSPYETGYIKFIENNGNTFWYDMMPAPGDKFDQSKYLMMYNDNKTVDSKSVKIEVHLTTKNG	MYKRLFISRVILIFALILVISTPNVLAESQPDPMPDDLHKSSEFTGTMGNMKYLYDDHYVSATKVKSVDKFLAHDLIYNISDKKLKNYDKVKTELLNEDLAKKYKDEVVDVYGSNYYVNCYFSSKDNVGKVTGGKTCMYGGITKHEGNHFDNGNLQNVLVRVYENKRNTISFEVQTDKKSVTAQELDIKARNFLINKKNLYEFNSSPYETGYIKFIENNGNTFWYDMMPAPGDKFDQSKYLMMYNDNKTVDSKSVKIEVHLTTKNG	sec3 CAA35972.1
lcl|NC_002745.2_prot_WP_000278088.1_1957	sec2	96.241	266	10	0	1	266	1	266	0.0	521	266	267	MYKRLFISRVILIFALILVISTPNVLAESQPDPMPDDLHKSSEFTGTMGNMKYLYDDHYVSATKVKSVDKFLAHDLIYNISDKKLKNYDKVKTELLNEDLAKKYKDEVVDVYGSNYYVNCYFSSKDNVGKVTGGKTCMYGGITKHEGNHFDNGNLQNVLVRVYENKRNTISFEVQTDKKSVTAQELDIKARNFLINKKNLYEFNSSPYETGYIKFIENNGNTFWYDMMPAPGDKFDQSKYLMMYNDNKTVDSKSVKIEVHLTTKNG	MNKSRFISCVILIFALILVLFTPNVLAESQPDPTPDELHKSSEFTGTMGNMKYLYDDHYVSATKVMSVDKFLAHDLIYNISDKKLKNYDKVKTELLNEDLAKKYKDEVVDVYGSNYYVNCYFSSKDNVGKVTGGKTCMYGGITKHEGNHFDNGNLQNVLIRVYENKRNTISFEVQTDKKSVTAQELDIKARNFLINKKNLYEFNSSPYETGYIKFIENNGNTFWYDMMPAPGDKFDQSKYLMMYNDNKTVDSKSVKIEVHLTTKNG	sec2 AAR20496.1
lcl|NC_002745.2_prot_WP_000278088.1_1957	sec1	94.361	266	15	0	1	266	1	266	0.0	511	266	267	MYKRLFISRVILIFALILVISTPNVLAESQPDPMPDDLHKSSEFTGTMGNMKYLYDDHYVSATKVKSVDKFLAHDLIYNISDKKLKNYDKVKTELLNEDLAKKYKDEVVDVYGSNYYVNCYFSSKDNVGKVTGGKTCMYGGITKHEGNHFDNGNLQNVLVRVYENKRNTISFEVQTDKKSVTAQELDIKARNFLINKKNLYEFNSSPYETGYIKFIENNGNTFWYDMMPAPGDKFDQSKYLMMYNDNKTVDSKSVKIEVHLTTKNG	MNKSRFISCVILIFALILVLFTPNVLAESQPDPTPDELHKASKFTGLMENMKVLYDDHYVSATKVKSVDKFLAHDLIYNISDKKLKNYDKVKTELLNEGLAKKYKDEVVDVYGSNYYVNCYFSSKDNVGKVTGGKTCMYGGITKHEGNHFDNGNLQNVLIRVYENKRNTISFEVQTDKKSVTAQELDIKARNFLINKKNLYEFNSSPYETGYIKFIENNGNTFWYDMMPAPGDKFDQSKYLMMYNDNKTVDSKSVKIEVHLTTKNG	sec1 CAA29260.1
lcl|NC_002745.2_prot_WP_000278088.1_1957	seb	69.288	267	76	3	1	264	1	264	2.32e-132	367	266	267	MYKRLFISRVILIFALILVISTPNVLAESQPDPMPDDLHKSSEFTGTMGNMKYLYDDHYVSATKVKSVDKFLAHDLIYNISDKKLKNYDKVKTELLNEDLAKKYKDEVVDVYGSNYYVNCYFSSKD---NVGKVTGGKTCMYGGITKHEGNHFDNGNLQNVLVRVYENKRNTISFEVQTDKKSVTAQELDIKARNFLINKKNLYEFNSSPYETGYIKFIENNGNTFWYDMMPAPGDKFDQSKYLMMYNDNKTVDSKSVKIEVHLTTK	MYKRLFISHVILIFALILVISTPNVLAESQPDPKPDELHKSSKFTGLMENMKVLYDDNHVSAINVKSIDQFLYFDLIYSIKDTKLGNYDNVRVEFKNKDLADKYKDKYVDVFGANYYYQCYFSKKTNDINSHQTDKRKTCMYGGVTEHNGNQLD--KYRSITVRVFEDGKNLLSFDVQTNKKKVTAQELDYLTRHYLVKNKKLYEFNNSPYETGYIKFIENE-NSFWYDMMPAPGDKFDQSKYLMMYNDNKMVDSKDVKIEVYLTTK	seb AAA88550.1
lcl|NC_002745.2_prot_WP_000278088.1_1957	selu	53.077	260	113	4	13	264	3	261	1.10e-99	283	266	262	IFALILV-ISTPNVLAESQPDPMPDDLHKSSEFTGTMGNMKYLYDDHYVSATKVKSVDKFLAHDLIYNISDKKLKNYDKVKTELLNEDLAKKYKDEVVDVYGSNYYVNCYFSSKD---NVGKVTGGKTCMYGGITKHEGNHFDNGNL----QNVLVRVYENKRNTISFEVQTDKKSVTAQELDIKARNFLINKKNLYEFNSSPYETGYIKFIENNGNTFWYDMMPAPGDKFDQSKYLMMYNDNKTVDSKSVKIEVHLTTK	LFAFIFICVKSCSLLFMLNGNPRPEQLNKASEFSGLMDNMRYLYDDKHVSETNIKVQEKFLQHDLLFKINGSKIDGSKILKTEFNNKSLSDKYKNKNVDLFGTNYYNQCYFSADNMELNDGRLIE-KTCMYGGVTEHDGNQIDKNNLTDNSHNILIKVYENERNTLSFDISTNMKNITAQEIDYKVRNYLLKHKNLYEFNSSPYESGYIKFIEGNGHSFWYDMMPESGEKFYPTKYLLIYNDNKTVESKSINVEVHLTKK	selu AAP41902.1
lcl|NC_002745.2_prot_WP_000278088.1_1957	selw	53.462	260	107	5	13	264	3	256	3.07e-98	280	266	257	IFALILV-ISTPNVLAESQPDPMPDDLHKSSEFTGTMGNMKYLYDDHYVSATKVKSVDKFLAHDLIYNISDKKLKNYDKVKTELLNEDLAKKYKDEVVDVYGSNYYVNCYFSSKD---NVGKVTGGKTCMYGGITKHEGNHFDNGNL----QNVLVRVYENKRNTISFEVQTDKKSVTAQELDIKARNFLINKKNLYEFNSSPYETGYIKFIENNGNTFWYDMMPAPGDKFDQSKYLMMYNDNKTVDSKSVKIEVHLTTK	LFAFIFICVKSCSLLFMLNGNPKPEQLNKASEFTGLMDNMRYLYDDKHVSETNIKSQEKFLQHDLLFKINGSKI-----LKTEFNNKSLSDKYKNKNVDLFGTNYYNQCYFSSDNMELNDGRLIE-KTCMYGGVTEHDGNQIDKNNSTDNSHNILIKVYENERNSLSFDIPTNKKNITAQEIDYKVRNYLLKHKNLYEFNSSPYETGYIKFIEGSGHSFWYDLMPESGKKFYPTKYLLIYNDNKTVESKSINVEVHLTKK	selw EF030428.1
lcl|NC_002745.2_prot_WP_000278088.1_1957	Gr3/sel27	47.104	259	123	7	9	264	2	249	1.44e-71	211	266	250	RVILIFALILVISTPNVLAESQ-PDPMPDDLHKSSEFTGTMGNMKYLYDDHYVSATKVKSVDKFLAHDLIYNISDKKLKNYDKVKTELLNEDLAKKYKDEVVDVYGSNYYVNCYFSSKDNVGK--VTGGKTCMYGGITKHEGNHFDNGNLQNVLVRVYENKRNTISFEVQTDKKSVTAQELDIKARNFLINKKNLYEFNSSPYETGYIKFIENNGNTFWYDMMPAPGDKFDQSKYLMMYNDNKTVDSKSVKIEVHLTTK	KLFFIFNFIL----NTIMSQTDYSDPTSNQLNKTSQYEGLMYNMKALYESDPVSIEKIKSYDQFLSFDLIYFY---QTSQYNRIKTELTN-DLSNYYKDKDVDLFGVKYFVNCYFSDNKDIKENSPSNDKVCMYGGVTEHEGNRTKLFGY-TIVVSVYIDNRNSRSFTLSTNKDHITAQELDYKVRNRLIKDVRLYEFESSRFETGYIKFIENGKAGFWYDLMPPAN--FSQSKYLMIYKDNKTLLSSKTAIEVHLTKK	Gr3/sel27 NCTC 5663
lcl|NC_002745.2_prot_WP_000278088.1_1957	ser	42.146	261	136	6	10	263	6	258	1.04e-64	194	266	260	VILIFA---LILVISTPNVLAESQPDPMPDDLHKSSEFT---GTMGNMKYLYDDHYVSATKVKSVDKFLAHDLIYNISDKKLKNYDKVKTELLNEDLAKKYKDEVVDVYGSNYYVNCYFSSKDNVGKVTGGKTCMYGGITKHEGNHFDNGNLQNVLVRVYENKRNTISFEVQTDKKSVTAQELDIKARNFLINKKNLYEFNSSPYETGYIKFIENNGNTFWYDMMPAPG-DKFDQSKYLMMYNDNKTVDSKSVKIEVHLTT	LLLLFSVTFMLLFFSLHSVSA--KPDPRPGELNRVSDYKKNKGTMGNVESLYKDKAVIAENVKNTRQFLGHDLIFPIP---YSEYKEVKSEFINKKTADKFKDKRLDVFGIPYFYTCLVPKNESREEFIFDGVCIYGGVTMHSTA---DSISKNIIVPVTVDNKQQFSFTISTNKKTVTVQELDYKVRNWLTNNKKLYEFDGSAYETGYIKFIEQNKDSFWYDLFPKKDLVPFIPYKFVNIYGDNKTIDASSVKIEVHLTT	ser BAC97795.1
lcl|NC_002745.2_prot_WP_000278088.1_1957	seg	43.333	240	124	6	29	263	25	257	6.65e-57	174	266	259	SQPDPMPDDLHKSSEFT---GTMGNMKYLYDDHYVSATKVKSVDKFLAHDLIYNISDKKLKNYDKVKTELLNEDLAKKYKDEVVDVYGSNYYVNCYFS-SKDNVGKVTGGKTCMYGGITKHEGNHFDNGNLQNVLVRVYENKRNTISFEVQTDKKSVTAQELDIKARNFLINKKNLYEFNSSPYETGYIKFIENNGNTFWYDMMPAPG-DKFDQSKYLMMYNDNKTVDSKSVKIEVHLTT	AQPDPKLDELNKVSDYKNNKGTMGNVMNLYTSPPVEGRGVINSRQFLSHDLIFPI---EYKSYNEVKTELENTELANNYKDKKVDIFGVPYFYTCIIPKSEPDINQNFGG-CCMYGGLT---FNSSENERDKLITVQVTIDNRQSLGFTITTNKNMVTIQELDYKARHWLTKEKKLYEFDGSAFESGYIKFTEKNNTSFWFDLFPKKELVPFVPYKFLNIYGDNKVVDSKSIKMEVFLNT	seg AAC26660.1
lcl|NC_002745.2_prot_WP_000278088.1_1957	Gr10/sel33	39.608	255	138	7	13	261	3	247	7.72e-54	166	266	250	IFALILV-ISTPNVLAESQPDPMPDDLHKSSEFTGTMGNMKYLYDDHYVSATKVKSVDKFLAHDLIYNISDKKLKNYDKVKTELLNEDLAKKYKDEVVDVYGSNYYVNCYFSSKD---NVGKVTGGKTCMYGGITKHEGNHFDNGNLQNVLVRVYENKRNTISFEVQTDKKSVTAQELDIKARNFLINKKNLYEFNSSPYETGYIKFIENN--GNTFWYDMMPAPGDKFDQSKYLMMYNDNKTVDSKSVKIEVHL	LFAFIFICVKSCSLLFMLNGNPKPEQLNKASEFTGLMDNMRYLYDDKHVSETNIKSQEKFLQHDLLFKISGSKI-----LKTEFNNKSLSDKYKNKNVDLFGTNYYNQCYFSSDNMELNDGRLI-EKTCMYGGVTEHDGNQLDEEKV--IGVNVFKDGVQQEGFVIKTKKAKVTVQELDTKVRFKLENLYKIYNKDTGNIQKGCIFFHSHNHQDQSFYYDLYNVKGSV--GAEFFQFYSDNRTVSSSNYHIDVFL	Gr10/sel33 NZ_FGMI01000018.1
lcl|NC_002745.2_prot_WP_001035599.1_1959	tsst-1	99.145	234	2	0	1	234	1	234	3.63e-174	469	234	235	MNKKLLMNFFIVSPLLLATIATDFTPVPLSSNQIIKTAKASTNDNIKDLLDWYSSGSDTFTNSEVLDNSLGSMRIKNTDGSISLIIFPSPYYSPAFTKGEKVDLNTKRTKKSQHTSEGTYIHFQISGVTNTEKLPTPIELPLKVKVHGKDSPLKYWPKFDKKQLAISTLDFEIRHQLTQIHGLYRSSDKTGGYWKITMNDGSTYQSDLSKKFEYNTEKPPINIDEIKTIEAEIN	MNKKLLMNFFIVSPLLLATTATDFTPVPLSSNQIIKTAKASTNDNIKDLLDWYSSGSDTFTNSEVLDNSLGSMRIKNTDGSISLIIFPSPYYSPAFTKGEKVDLNTKRTKKSQHTSEGTYIHFQISGVTNTEKLPTPIELPLKVKVHGKDSPLKYGPKFDKKQLAISTLDFEIRHQLTQIHGLYRSSDKTGGYWKITMNDGSTYQSDLSKKFEYNTEKPPINIDEIKTIEAEIN	tsst-1 AAA26682.1
