sp|P68870|NDK_STAAU	VFG031478(gb|WP_012395377)	58.779	131	53	1	2	131	3	133	3.21e-52	162	149	136	ERTFLMIKPDAVQRNLIGEVISRIERKGLKLVGGKLMQVPMELAETHYGEHQGKPFYNDLISFITSAPVFAMVVEGEDAVNVSRHIIGSTNPSE-ASPGSIRGDLGLTVGRNIIHGSDSLESAEREINLWF	ERTLVLIKPDGVQRQLVGEIISRIERKGLAIAALELRNVTEELASQHYAEHEGKPFFGSLLEFITSAPVVAAIVEGPRAIAAFRQLAGGTDPVEKATPGTIRGDFGLETQFNLVHGSDSAESAQREIALWF	VFG031478(gb|WP_012395377) (ndk) nucleoside-diphosphate kinase [Nucleoside diphosphate kinase (VF0851) - Immune modulation (VFC0258)] [Mycobacterium marinum M]
sp|P68870|NDK_STAAU	VFG031470(gb|WP_011741443)	58.779	131	53	1	2	131	3	133	1.30e-51	160	149	136	ERTFLMIKPDAVQRNLIGEVISRIERKGLKLVGGKLMQVPMELAETHYGEHQGKPFYNDLISFITSAPVFAMVVEGEDAVNVSRHIIGSTNPSE-ASPGSIRGDLGLTVGRNIIHGSDSLESAEREINLWF	ERTLVLIKPDGVQRLLVGEIISRIERKGLAIAALELRNVTEELASQHYAEHEGKPFFGSLLEFITSAPVVAAIVEGPRAIAAFRQLAGGTDPVEKATPGTIRGDFGLETQFNLVHGSDSAESAQREIALWF	VFG031470(gb|WP_011741443) (ndk) nucleoside-diphosphate kinase [Nucleoside diphosphate kinase (VF0851) - Immune modulation (VFC0258)] [Mycobacterium ulcerans Agy99]
sp|P68870|NDK_STAAU	VFG031486(gb|WP_009955946)	58.015	131	54	1	2	131	3	133	1.41e-51	160	149	136	ERTFLMIKPDAVQRNLIGEVISRIERKGLKLVGGKLMQVPMELAETHYGEHQGKPFYNDLISFITSAPVFAMVVEGEDAVNVSRHIIGSTNPSE-ASPGSIRGDLGLTVGRNIIHGSDSLESAEREINLWF	ERTLVLIKPDGVQRQLVGEIIGRIERKGLTLAALKLRHVSQDLAAQHYAEHEGKPFFESLLAFITSGPVVAAIVEGPRAIAAFRQLAGGTDPVEKAIPGTIRGDFGLETQFNLVHGSDSIESAKREIGLWF	VFG031486(gb|WP_009955946) (ndk) nucleoside-diphosphate kinase [Nucleoside diphosphate kinase (VF0851) - Immune modulation (VFC0258)] [Mycobacterium intracellulare ATCC 13950]
sp|P68870|NDK_STAAU	VFG031491(gb|WP_015293694)	56.489	131	56	1	2	131	3	133	3.30e-51	159	149	136	ERTFLMIKPDAVQRNLIGEVISRIERKGLKLVGGKLMQVPMELAETHYGEHQGKPFYNDLISFITSAPVFAMVVEGEDAVNVSRHIIGSTNPSE-ASPGSIRGDLGLTVGRNIIHGSDSLESAEREINLWF	ERTLVLIKPDGIERQLIGEIISRIERKGLTIAALQLRTVSAELASQHYAEHEGKPFFGSLLEFITSGPVVAAIVEGTRAIAAVRQLTGGTDPVQTAAPGTIRGDFGLETQFNLVHGSDSAESAQREIALWF	VFG031491(gb|WP_015293694) (ndk) nucleoside-diphosphate kinase [Nucleoside diphosphate kinase (VF0851) - Immune modulation (VFC0258)] [Mycobacterium canettii CIPT 140070017]
sp|P68870|NDK_STAAU	VFG031459(gb|WP_010908355)	58.779	131	53	1	2	131	3	133	5.22e-51	159	149	136	ERTFLMIKPDAVQRNLIGEVISRIERKGLKLVGGKLMQVPMELAETHYGEHQGKPFYNDLISFITSAPVFAMVVEGEDAVNVSRHIIGSTNPSE-ASPGSIRGDLGLTVGRNIIHGSDSLESAEREINLWF	ERTLVLIKPDAVERQLIGEIISRIERKGLTIAALELRQVGEELASQHYAEHESKPFFGSLLEFITSGPVMAAIVEGPRAVAAVRQLTGGTDPVEKAAPGTIRGDLALETQFNLVHGSDSTASAQREIALWF	VFG031459(gb|WP_010908355) (ndk) nucleoside-diphosphate kinase [Nucleoside diphosphate kinase (VF0851) - Immune modulation (VFC0258)] [Mycobacterium leprae TN]
sp|P68870|NDK_STAAU	VFG031461(gb|WP_003875860)	58.015	131	54	1	2	131	3	133	5.95e-51	159	149	136	ERTFLMIKPDAVQRNLIGEVISRIERKGLKLVGGKLMQVPMELAETHYGEHQGKPFYNDLISFITSAPVFAMVVEGEDAVNVSRHIIGSTNPSE-ASPGSIRGDLGLTVGRNIIHGSDSLESAEREINLWF	ERTLVLIKPDGVQRQLVGEIIGRIERKGLTLVALELRHVSQDLAAQHYAEHEGKPFFASLLEFITSGPVVAAIVEGPRAIAAFRQLAGGTDPVEKAIPGTIRGDFGLETQFNLVHGSDSVESAKREIGLWF	VFG031461(gb|WP_003875860) (ndk) nucleoside-diphosphate kinase [Nucleoside diphosphate kinase (VF0851) - Immune modulation (VFC0258)] [Mycobacterium avium subsp. paratuberculosis K-10]
sp|P68870|NDK_STAAU	VFG031462(gb|WP_011724307)	58.015	131	54	1	2	131	3	133	6.02e-51	159	149	136	ERTFLMIKPDAVQRNLIGEVISRIERKGLKLVGGKLMQVPMELAETHYGEHQGKPFYNDLISFITSAPVFAMVVEGEDAVNVSRHIIGSTNPSE-ASPGSIRGDLGLTVGRNIIHGSDSLESAEREINLWF	ERTLVLIKPDGVQRQLVGEIIGRIERKGLTLVALELRHVSQDLAAQHYAEHEGKPFFASLLEFITSGPVVAAIVEGPRAIAAFRQLAGGTDPVEKAIPGTIRGDFGLETQFNLVHGSDSVESAKREIALWF	VFG031462(gb|WP_011724307) (ndk) nucleoside-diphosphate kinase [Nucleoside diphosphate kinase (VF0851) - Immune modulation (VFC0258)] [Mycobacterium avium 104]
sp|P68870|NDK_STAAU	VFG031508(gb|WP_008255201)	57.252	131	55	1	2	131	3	133	1.20e-50	158	149	136	ERTFLMIKPDAVQRNLIGEVISRIERKGLKLVGGKLMQVPMELAETHYGEHQGKPFYNDLISFITSAPVFAMVVEGEDAVNVSRHIIGSTNPSE-ASPGSIRGDLGLTVGRNIIHGSDSLESAEREINLWF	ERTLVLIKPDGVQRQLVGEIIGRIERKGLTLAALELRHVGQDLAAQHYAEHEGKPFFESLLAFITSGPVVAAIVEGPRAIAAFRQLAGGTDPVEKAIPGTIRGDFGLETQFNLVHGSDSIESAKREIGLWF	VFG031508(gb|WP_008255201) (ndk) nucleoside-diphosphate kinase [Nucleoside diphosphate kinase (VF0851) - Immune modulation (VFC0258)] [Mycobacterium yongonense 05-1390]
sp|P68870|NDK_STAAU	VFG031482(gb|WP_014382181)	56.391	133	57	1	2	133	3	135	2.05e-50	157	149	136	ERTFLMIKPDAVQRNLIGEVISRIERKGLKLVGGKLMQVPMELAETHYGEHQGKPFYNDLISFITSAPVFAMVVEGEDAVNVSRHIIGSTNPSE-ASPGSIRGDLGLTVGRNIIHGSDSLESAEREINLWFNE	ERTLVLIKPDGVQRQLVGEIIGRIERKGLTLAALILRHVSQDLAAQHYAEHEGKPFFESLLAFITSGPVVAAIVEGPRAIAAFRQLAGGTDPVEKAIPGTIRGDFGLETQFNLVHGSDSIESAKREIGLWFPD	VFG031482(gb|WP_014382181) (ndk) nucleoside-diphosphate kinase [Nucleoside diphosphate kinase (VF0851) - Immune modulation (VFC0258)] [Mycobacterium indicus pranii MTCC 9506]
sp|P68870|NDK_STAAU	VFG031457(gb|NP_216961)	55.725	131	57	1	2	131	3	133	2.14e-50	157	149	136	ERTFLMIKPDAVQRNLIGEVISRIERKGLKLVGGKLMQVPMELAETHYGEHQGKPFYNDLISFITSAPVFAMVVEGEDAVNVSRHIIGSTNPSE-ASPGSIRGDLGLTVGRNIIHGSDSLESAEREINLWF	ERTLVLIKPDGIERQLIGEIISRIERKGLTIAALQLRTVSAELASQHYAEHEGKPFFGSLLEFITSGPVVAAIVEGTRAIAAVRQLAGGTDPVQAAAPGTIRGDFALETQFNLVHGSDSAESAQREIALWF	VFG031457(gb|NP_216961) (ndk) nucleoside diphosphate kinase [Nucleoside diphosphate kinase (VF0851) - Immune modulation (VFC0258)] [Mycobacterium tuberculosis H37Rv]
